CustomerID,Segment_Name,Churn_Probability
12346.0,Loyal Core,0.7275068
12347.0,At-Risk,0.089576535
12348.0,At-Risk,0.37408337
12350.0,At-Risk,0.7014912
12352.0,At-Risk,0.37080032
12353.0,At-Risk,0.5791547
12354.0,At-Risk,0.59448963
12355.0,At-Risk,0.59386533
12356.0,At-Risk,0.3915617
12358.0,At-Risk,0.456057
12359.0,At-Risk,0.2029893
12360.0,At-Risk,0.36863357
12361.0,At-Risk,0.6225338
12362.0,At-Risk,0.21318151
12363.0,At-Risk,0.36065957
12364.0,At-Risk,0.45078987
12365.0,At-Risk,0.6198902
12370.0,At-Risk,0.37434396
12372.0,At-Risk,0.37877545
12373.0,At-Risk,0.7014912
12377.0,At-Risk,0.59903723
12378.0,At-Risk,0.4859159
12379.0,At-Risk,0.50034213
12380.0,At-Risk,0.43207997
12381.0,At-Risk,0.4833288
12383.0,At-Risk,0.19585505
12384.0,At-Risk,0.4721947
12386.0,At-Risk,0.6132445
12388.0,At-Risk,0.19150032
12393.0,At-Risk,0.35142794
12394.0,At-Risk,0.61289316
12395.0,At-Risk,0.038660046
12397.0,At-Risk,0.4800492
12399.0,At-Risk,0.2813835
12401.0,At-Risk,0.6863044
12402.0,At-Risk,0.6603813
12405.0,At-Risk,0.49871716
12406.0,At-Risk,0.4567629
12407.0,At-Risk,0.20131056
12408.0,At-Risk,0.27853924
12409.0,At-Risk,0.489926
12410.0,At-Risk,0.69034326
12412.0,At-Risk,0.31453383
12413.0,At-Risk,0.45971444
12414.0,At-Risk,0.39034945
12417.0,At-Risk,0.02694356
12418.0,At-Risk,0.5173523
12421.0,At-Risk,0.31180385
12422.0,At-Risk,0.3575547
12423.0,At-Risk,0.06656965
12424.0,At-Risk,0.46053323
12426.0,At-Risk,0.5365514
12427.0,At-Risk,0.62452906
12428.0,At-Risk,0.033055324
12429.0,At-Risk,0.16085349
12431.0,Loyal Core,0.02219728
12432.0,At-Risk,0.40859368
12433.0,Loyal Core,0.6035386
12434.0,At-Risk,0.6171225
12435.0,At-Risk,0.6300432
12437.0,Loyal Core,0.14030455
12438.0,At-Risk,0.4541326
12441.0,At-Risk,0.60270745
12444.0,At-Risk,0.2882636
12447.0,At-Risk,0.6217909
12449.0,At-Risk,0.32213023
12450.0,At-Risk,0.54192895
12451.0,At-Risk,0.397341
12453.0,At-Risk,0.5140715
12455.0,At-Risk,0.10698467
12456.0,At-Risk,0.28816187
12457.0,At-Risk,0.477518
12458.0,At-Risk,0.6198843
12461.0,At-Risk,0.4449492
12462.0,At-Risk,0.69405514
12463.0,At-Risk,0.30136314
12464.0,At-Risk,0.12034148
12465.0,At-Risk,0.52053404
12468.0,At-Risk,0.35680395
12471.0,Loyal Core,0.017654467
12472.0,At-Risk,0.089576535
12473.0,At-Risk,0.3630203
12474.0,Loyal Core,0.03192683
12476.0,At-Risk,0.0560791
12477.0,At-Risk,0.19820644
12480.0,At-Risk,0.24789219
12481.0,At-Risk,0.115172245
12483.0,At-Risk,0.12232727
12484.0,At-Risk,0.1585271
12489.0,At-Risk,0.70003194
12490.0,At-Risk,0.11714996
12492.0,At-Risk,0.3157211
12493.0,At-Risk,0.38064587
12494.0,At-Risk,0.15596293
12500.0,At-Risk,0.12588844
12501.0,At-Risk,0.697996
12502.0,At-Risk,0.18405566
12506.0,At-Risk,0.73517084
12507.0,At-Risk,0.2557394
12509.0,At-Risk,0.61007017
12510.0,At-Risk,0.3533083
12513.0,At-Risk,0.45078987
12514.0,At-Risk,0.641986
12515.0,At-Risk,0.70003194
12516.0,At-Risk,0.43207997
12517.0,At-Risk,0.31678054
12518.0,At-Risk,0.480318
12520.0,At-Risk,0.2033341
12521.0,At-Risk,0.43424213
12523.0,At-Risk,0.0436452
12524.0,At-Risk,0.11972435
12527.0,At-Risk,0.5139351
12528.0,At-Risk,0.2765401
12530.0,At-Risk,0.26969334
12534.0,At-Risk,0.4800492
12535.0,At-Risk,0.4965459
12539.0,At-Risk,0.318669
12540.0,Loyal Core,0.02075257
12541.0,At-Risk,0.33477253
12545.0,At-Risk,0.6217909
12547.0,At-Risk,0.4823443
12548.0,At-Risk,0.6374404
12551.0,At-Risk,0.6282934
12553.0,At-Risk,0.02872838
12556.0,At-Risk,0.51483756
12557.0,At-Risk,0.1392191
12559.0,At-Risk,0.7093911
12560.0,At-Risk,0.33908814
12561.0,At-Risk,0.66194034
12562.0,At-Risk,0.27867085
12564.0,At-Risk,0.6217909
12565.0,At-Risk,0.6743071
12567.0,At-Risk,0.02075257
12569.0,Loyal Core,0.19884934
12571.0,At-Risk,0.4721947
12573.0,At-Risk,0.64442194
12574.0,At-Risk,0.66194034
12576.0,At-Risk,0.26126048
12577.0,At-Risk,0.60270745
12578.0,At-Risk,0.697996
12580.0,At-Risk,0.6217909
12582.0,At-Risk,0.49859923
12583.0,Loyal Core,0.023421893
12584.0,At-Risk,0.24079444
12585.0,At-Risk,0.4097584
12589.0,At-Risk,0.516979
12590.0,At-Risk,0.54052705
12591.0,At-Risk,0.7014912
12592.0,At-Risk,0.5147847
12593.0,At-Risk,0.44308653
12594.0,At-Risk,0.03547544
12596.0,At-Risk,0.6171225
12597.0,At-Risk,0.2997422
12598.0,At-Risk,0.27566138
12599.0,At-Risk,0.101453155
12600.0,At-Risk,0.023750667
12601.0,At-Risk,0.39737776
12604.0,At-Risk,0.64442194
12609.0,At-Risk,0.34169084
12610.0,At-Risk,0.48489586
12613.0,At-Risk,0.3471975
12614.0,At-Risk,0.65913707
12615.0,At-Risk,0.44345015
12616.0,At-Risk,0.63816386
12619.0,At-Risk,0.1204645
12620.0,At-Risk,0.5147847
12621.0,Loyal Core,0.02866441
12622.0,At-Risk,0.64442194
12623.0,At-Risk,0.6489699
12624.0,At-Risk,0.4039065
12625.0,At-Risk,0.36443937
12626.0,At-Risk,0.07253949
12627.0,At-Risk,0.321804
12633.0,At-Risk,0.25634855
12635.0,At-Risk,0.52778816
12637.0,At-Risk,0.089006126
12639.0,At-Risk,0.6217909
12641.0,At-Risk,0.5478347
12642.0,At-Risk,0.5247487
12643.0,At-Risk,0.0736915
12644.0,At-Risk,0.4836611
12645.0,At-Risk,0.29650912
12647.0,At-Risk,0.024111716
12648.0,At-Risk,0.51483756
12649.0,At-Risk,0.33980373
12651.0,At-Risk,0.68480426
12652.0,At-Risk,0.6925755
12653.0,At-Risk,0.31067055
12654.0,At-Risk,0.50129884
12656.0,At-Risk,0.26996458
12662.0,At-Risk,0.020833028
12664.0,At-Risk,0.25345328
12665.0,At-Risk,0.72771305
12668.0,At-Risk,0.32428798
12669.0,At-Risk,0.2865733
12670.0,At-Risk,0.39703062
12672.0,At-Risk,0.6603813
12673.0,At-Risk,0.6603813
12674.0,At-Risk,0.33593637
12676.0,At-Risk,0.25961295
12678.0,Loyal Core,0.035306647
12679.0,At-Risk,0.37877545
12680.0,At-Risk,0.480318
12681.0,Loyal Core,0.021953188
12682.0,Loyal Core,0.02866441
12683.0,Loyal Core,0.024579665
12684.0,At-Risk,0.3717517
12686.0,At-Risk,0.6470411
12688.0,At-Risk,0.48919785
12689.0,At-Risk,0.4836611
12690.0,At-Risk,0.5147847
12691.0,At-Risk,0.31936747
12693.0,At-Risk,0.2621687
12694.0,At-Risk,0.4965459
12695.0,At-Risk,0.38878104
12697.0,At-Risk,0.34522504
12700.0,At-Risk,0.27697456
12701.0,At-Risk,0.6217909
12704.0,At-Risk,0.30930898
12705.0,At-Risk,0.17063406
12707.0,At-Risk,0.6322233
12708.0,At-Risk,0.045080986
12709.0,Loyal Core,0.022486262
12710.0,At-Risk,0.4484724
12712.0,At-Risk,0.019936398
12714.0,At-Risk,0.17438029
12715.0,At-Risk,0.55041504
12716.0,At-Risk,0.5140715
12717.0,At-Risk,0.36360306
12720.0,Loyal Core,0.018790752
12721.0,At-Risk,0.19420812
12722.0,At-Risk,0.3866138
12724.0,At-Risk,0.40608722
12725.0,At-Risk,0.635006
12726.0,At-Risk,0.12232727
12727.0,At-Risk,0.105371326
12728.0,At-Risk,0.38210213
12729.0,At-Risk,0.480318
12731.0,Loyal Core,0.030394373
12732.0,At-Risk,0.5071248
12733.0,At-Risk,0.6217909
12734.0,At-Risk,0.68480426
12735.0,At-Risk,0.6527028
12736.0,At-Risk,0.6603813
12738.0,At-Risk,0.6198739
12743.0,At-Risk,0.4836611
12744.0,Loyal Core,0.10116166
12747.0,At-Risk,0.021785473
12749.0,At-Risk,0.2587214
12750.0,At-Risk,0.47703993
12753.0,Loyal Core,0.102512754
12754.0,At-Risk,0.32627013
12755.0,At-Risk,0.43965644
12757.0,Loyal Core,0.2234563
12758.0,At-Risk,0.27703217
12759.0,At-Risk,0.286187
12763.0,At-Risk,0.32034665
12764.0,At-Risk,0.6994609
12766.0,At-Risk,0.08881714
12769.0,At-Risk,0.59448963
12770.0,At-Risk,0.48839408
12775.0,At-Risk,0.25185493
12778.0,At-Risk,0.4234592
12779.0,At-Risk,0.22996362
12781.0,At-Risk,0.6198843
12782.0,At-Risk,0.2297593
12785.0,At-Risk,0.6181021
12787.0,At-Risk,0.58119434
12790.0,At-Risk,0.5365514
12791.0,At-Risk,0.6198739
12792.0,At-Risk,0.6217909
12793.0,At-Risk,0.60555494
12797.0,At-Risk,0.60270745
12798.0,At-Risk,0.46053323
12802.0,At-Risk,0.4965459
12808.0,At-Risk,0.46208385
12809.0,At-Risk,0.50145084
12811.0,At-Risk,0.511472
12814.0,At-Risk,0.3157211
12815.0,At-Risk,0.31037435
12816.0,At-Risk,0.50034213
12817.0,At-Risk,0.6518569
12818.0,At-Risk,0.59448963
12820.0,At-Risk,0.6603813
12821.0,At-Risk,0.6598441
12823.0,At-Risk,0.2601693
12826.0,At-Risk,0.29857075
12828.0,At-Risk,0.4461177
12829.0,At-Risk,0.64999014
12830.0,At-Risk,0.33730114
12831.0,At-Risk,0.64442194
12833.0,At-Risk,0.44948485
12834.0,At-Risk,0.65913707
12836.0,At-Risk,0.24239708
12837.0,At-Risk,0.5675993
12838.0,At-Risk,0.635006
12839.0,At-Risk,0.021785473
12840.0,At-Risk,0.2858144
12841.0,Loyal Core,0.019562753
12842.0,At-Risk,0.7014912
12843.0,At-Risk,0.09003139
12844.0,At-Risk,0.54457873
12845.0,At-Risk,0.7242733
12849.0,At-Risk,0.6472029
12852.0,At-Risk,0.6322233
12853.0,At-Risk,0.08807654
12854.0,At-Risk,0.42256516
12855.0,At-Risk,0.6988367
12857.0,At-Risk,0.3905579
12864.0,At-Risk,0.5304349
12865.0,At-Risk,0.47104153
12866.0,At-Risk,0.65913707
12867.0,At-Risk,0.074662395
12868.0,At-Risk,0.155507
12871.0,At-Risk,0.55980414
12872.0,At-Risk,0.60555494
12873.0,At-Risk,0.65913707
12875.0,At-Risk,0.47818685
12876.0,At-Risk,0.52342856
12877.0,At-Risk,0.038660046
12878.0,At-Risk,0.46729267
12881.0,At-Risk,0.6444451
12885.0,At-Risk,0.5092164
12886.0,At-Risk,0.5813497
12888.0,At-Risk,0.49971253
12891.0,At-Risk,0.5580483
12897.0,At-Risk,0.47246358
12901.0,Loyal Core,0.02648506
12902.0,At-Risk,0.68929535
12904.0,At-Risk,0.50034213
12908.0,At-Risk,0.34694245
12909.0,At-Risk,0.3604242
12910.0,At-Risk,0.27484536
12913.0,At-Risk,0.40321565
12915.0,At-Risk,0.4362886
12916.0,At-Risk,0.2055973
12917.0,At-Risk,0.44753984
12919.0,At-Risk,0.35193127
12921.0,Loyal Core,0.020573983
12922.0,At-Risk,0.52053404
12924.0,At-Risk,0.37924823
12928.0,At-Risk,0.24842563
12929.0,At-Risk,0.6863044
12930.0,At-Risk,0.5109198
12931.0,Loyal Core,0.040689223
12933.0,At-Risk,0.33477253
12935.0,At-Risk,0.22489949
12937.0,At-Risk,0.426187
12939.0,At-Risk,0.17227386
12942.0,At-Risk,0.28138307
12944.0,At-Risk,0.6282934
12945.0,At-Risk,0.6322233
12947.0,At-Risk,0.11073967
12948.0,At-Risk,0.31347355
12949.0,At-Risk,0.19124052
12951.0,At-Risk,0.1333663
12955.0,At-Risk,0.08944986
12956.0,At-Risk,0.6863044
12957.0,At-Risk,0.1886653
12962.0,At-Risk,0.5478347
12963.0,At-Risk,0.6181021
12967.0,At-Risk,0.6410597
12968.0,At-Risk,0.5478347
12970.0,At-Risk,0.61835814
12971.0,Loyal Core,0.017989626
12974.0,At-Risk,0.58119434
12976.0,At-Risk,0.50161797
12977.0,At-Risk,0.65885067
12980.0,At-Risk,0.2789829
12981.0,At-Risk,0.54457873
12982.0,At-Risk,0.6217909
12987.0,At-Risk,0.5365514
12988.0,At-Risk,0.6322233
12989.0,Loyal Core,0.115172245
12990.0,At-Risk,0.3965358
12991.0,At-Risk,0.480318
12993.0,At-Risk,0.37102732
12994.0,At-Risk,0.33115515
12997.0,At-Risk,0.46144333
12999.0,At-Risk,0.50170004
13000.0,At-Risk,0.5062051
13001.0,Loyal Core,0.20804712
13002.0,At-Risk,0.6863044
13003.0,At-Risk,0.666428
13004.0,Loyal Core,0.030941142
13005.0,At-Risk,0.36374402
13008.0,At-Risk,0.6603813
13011.0,At-Risk,0.6988367
13012.0,At-Risk,0.2264955
13013.0,At-Risk,0.0229879
13014.0,At-Risk,0.08733805
13015.0,At-Risk,0.38932887
13016.0,At-Risk,0.4721947
13018.0,Loyal Core,0.028173408
13021.0,At-Risk,0.27995366
13023.0,At-Risk,0.47703993
13026.0,At-Risk,0.51171345
13027.0,At-Risk,0.07429178
13029.0,At-Risk,0.19933398
13030.0,At-Risk,0.6181021
13033.0,At-Risk,0.6282934
13034.0,At-Risk,0.60270745
13035.0,At-Risk,0.6217909
13037.0,At-Risk,0.2745571
13038.0,At-Risk,0.33477253
13043.0,At-Risk,0.65913707
13044.0,At-Risk,0.6322233
13046.0,At-Risk,0.6650502
13047.0,At-Risk,0.022911005
13048.0,At-Risk,0.27615562
13049.0,At-Risk,0.6863044
13050.0,Loyal Core,0.01695803
13052.0,At-Risk,0.5147847
13055.0,At-Risk,0.5147847
13058.0,At-Risk,0.63528585
13059.0,At-Risk,0.64442194
13060.0,At-Risk,0.6217909
13062.0,At-Risk,0.5365514
13064.0,At-Risk,0.3575547
13065.0,At-Risk,0.6198739
13068.0,At-Risk,0.67039514
13069.0,Loyal Core,0.018790752
13070.0,At-Risk,0.5365514
13072.0,At-Risk,0.6650502
13075.0,At-Risk,0.46753603
13077.0,At-Risk,0.41288543
13078.0,Loyal Core,0.01695803
13079.0,At-Risk,0.5285205
13080.0,At-Risk,0.6754945
13081.0,Loyal Core,0.030394373
13082.0,At-Risk,0.03036187
13085.0,At-Risk,0.43412277
13090.0,Loyal Core,0.022911005
13092.0,At-Risk,0.44072518
13093.0,At-Risk,0.6351377
13094.0,At-Risk,0.038660046
13097.0,At-Risk,0.028030487
13098.0,Loyal Core,0.028534945
13101.0,At-Risk,0.6694181
13102.0,Loyal Core,0.019397115
13104.0,At-Risk,0.42197195
13106.0,At-Risk,0.6514111
13107.0,At-Risk,0.32446828
13108.0,At-Risk,0.635006
13109.0,At-Risk,0.52053404
13110.0,At-Risk,0.10193027
13113.0,Loyal Core,0.018790752
13115.0,At-Risk,0.4682072
13116.0,At-Risk,0.4694684
13117.0,At-Risk,0.062107716
13118.0,At-Risk,0.3355733
13120.0,At-Risk,0.6525206
13121.0,At-Risk,0.6444451
13122.0,At-Risk,0.5883071
13124.0,At-Risk,0.397341
13126.0,At-Risk,0.2311457
13131.0,At-Risk,0.4965459
13132.0,At-Risk,0.73517084
13133.0,At-Risk,0.59802425
13134.0,At-Risk,0.29949287
13135.0,At-Risk,0.55061394
13136.0,At-Risk,0.26315776
13137.0,At-Risk,0.253088
13138.0,At-Risk,0.38776812
13139.0,At-Risk,0.31662104
13140.0,At-Risk,0.40875474
13141.0,At-Risk,0.29931426
13144.0,At-Risk,0.68480426
13145.0,At-Risk,0.36749077
13148.0,At-Risk,0.022486262
13149.0,At-Risk,0.2905519
13151.0,At-Risk,0.664981
13155.0,At-Risk,0.60555494
13157.0,At-Risk,0.24089542
13158.0,At-Risk,0.2397534
13159.0,At-Risk,0.5067427
13161.0,At-Risk,0.6863044
13162.0,At-Risk,0.25049686
13165.0,At-Risk,0.70003194
13166.0,At-Risk,0.65913707
13167.0,At-Risk,0.44287416
13168.0,At-Risk,0.3625338
13169.0,At-Risk,0.6217909
13171.0,At-Risk,0.67578495
13173.0,At-Risk,0.60270745
13174.0,At-Risk,0.5758891
13178.0,At-Risk,0.028926222
13183.0,At-Risk,0.088757776
13184.0,At-Risk,0.035155423
13185.0,At-Risk,0.7315746
13186.0,At-Risk,0.47588557
13187.0,At-Risk,0.6603813
13189.0,At-Risk,0.5478347
13192.0,At-Risk,0.5147847
13194.0,At-Risk,0.63632953
13196.0,At-Risk,0.6217909
13198.0,At-Risk,0.0869709
13199.0,Loyal Core,0.028145831
13200.0,At-Risk,0.47703993
13203.0,At-Risk,0.3832524
13207.0,At-Risk,0.5051939
13208.0,At-Risk,0.31000867
13209.0,At-Risk,0.089576535
13211.0,At-Risk,0.62894756
13213.0,At-Risk,0.2869235
13216.0,At-Risk,0.667876
13217.0,At-Risk,0.42521513
13218.0,At-Risk,0.63632953
13220.0,At-Risk,0.33290255
13221.0,At-Risk,0.4208681
13223.0,At-Risk,0.48526764
13224.0,At-Risk,0.46204215
13225.0,At-Risk,0.14856586
13226.0,At-Risk,0.67659265
13227.0,At-Risk,0.5147847
13229.0,At-Risk,0.64442194
13230.0,At-Risk,0.03645476
13232.0,At-Risk,0.30369413
13233.0,At-Risk,0.6905118
13235.0,At-Risk,0.48839408
13236.0,At-Risk,0.55041504
13238.0,At-Risk,0.25006765
13239.0,At-Risk,0.6217909
13240.0,At-Risk,0.3675677
13242.0,At-Risk,0.5030433
13243.0,At-Risk,0.5147847
13246.0,At-Risk,0.11667869
13248.0,At-Risk,0.36693132
13249.0,At-Risk,0.6171225
13253.0,At-Risk,0.43013027
13255.0,At-Risk,0.6198739
13258.0,At-Risk,0.5147847
13261.0,At-Risk,0.6269761
13262.0,At-Risk,0.6650502
13263.0,Loyal Core,0.022942867
13265.0,At-Risk,0.266363
13266.0,At-Risk,0.04759574
13267.0,Loyal Core,0.020154579
13268.0,At-Risk,0.18954675
13269.0,Loyal Core,0.021785473
13270.0,At-Risk,0.6181021
13273.0,At-Risk,0.5478347
13277.0,At-Risk,0.51357794
13280.0,At-Risk,0.32085449
13282.0,At-Risk,0.35216385
13283.0,At-Risk,0.562733
13284.0,At-Risk,0.6603813
13285.0,At-Risk,0.24360844
13291.0,At-Risk,0.52053404
13292.0,At-Risk,0.6045156
13294.0,At-Risk,0.3339541
13295.0,At-Risk,0.60270745
13296.0,At-Risk,0.5825585
13299.0,At-Risk,0.67659265
13300.0,At-Risk,0.52053404
13301.0,At-Risk,0.36214006
13302.0,At-Risk,0.6929519
13304.0,At-Risk,0.6862636
13305.0,At-Risk,0.11333625
13307.0,At-Risk,0.5512253
13308.0,At-Risk,0.48200342
13309.0,At-Risk,0.416531
13310.0,At-Risk,0.3766527
13311.0,At-Risk,0.456057
13313.0,At-Risk,0.23924775
13316.0,At-Risk,0.28963202
13317.0,At-Risk,0.26043576
13319.0,Loyal Core,0.018790752
13320.0,At-Risk,0.35245368
13324.0,At-Risk,0.3247893
13327.0,At-Risk,0.021785473
13328.0,At-Risk,0.6994609
13329.0,At-Risk,0.6074398
13330.0,At-Risk,0.34694245
13334.0,At-Risk,0.36528698
13338.0,At-Risk,0.5216408
13339.0,At-Risk,0.5038233
13340.0,At-Risk,0.07360046
13341.0,At-Risk,0.5883071
13343.0,At-Risk,0.50034213
13344.0,At-Risk,0.6329403
13345.0,At-Risk,0.6322233
13355.0,At-Risk,0.5092164
13357.0,At-Risk,0.6217909
13358.0,At-Risk,0.65913707
13362.0,At-Risk,0.4656203
13365.0,At-Risk,0.60032165
13368.0,At-Risk,0.45971444
13369.0,At-Risk,0.6181021
13370.0,At-Risk,0.626795
13373.0,At-Risk,0.26586884
13376.0,At-Risk,0.3815337
13379.0,At-Risk,0.5304349
13381.0,At-Risk,0.18780886
13382.0,At-Risk,0.6444451
13384.0,At-Risk,0.30163288
13385.0,At-Risk,0.70003194
13388.0,At-Risk,0.5140715
13389.0,At-Risk,0.6171225
13391.0,At-Risk,0.6385298
13394.0,At-Risk,0.08400652
13395.0,At-Risk,0.4965459
13396.0,At-Risk,0.7093911
13397.0,At-Risk,0.1836448
13398.0,At-Risk,0.5365514
13402.0,At-Risk,0.22278254
13404.0,At-Risk,0.5147847
13405.0,At-Risk,0.41602743
13408.0,Loyal Core,0.017989626
13410.0,At-Risk,0.35837558
13411.0,At-Risk,0.57995886
13414.0,At-Risk,0.25581777
13417.0,At-Risk,0.5147847
13418.0,Loyal Core,0.019147055
13420.0,At-Risk,0.48829117
13421.0,At-Risk,0.59906757
13425.0,At-Risk,0.29565036
13426.0,At-Risk,0.12977274
13427.0,At-Risk,0.33497113
13435.0,At-Risk,0.28526422
13437.0,At-Risk,0.24273922
13439.0,At-Risk,0.6171225
13448.0,At-Risk,0.3222139
13450.0,At-Risk,0.2515555
13451.0,At-Risk,0.17227386
13452.0,At-Risk,0.6018504
13453.0,At-Risk,0.3911211
13455.0,At-Risk,0.6055908
13456.0,At-Risk,0.27963132
13458.0,Loyal Core,0.028926222
13461.0,At-Risk,0.3254047
13462.0,At-Risk,0.6694181
13466.0,At-Risk,0.4965459
13468.0,Loyal Core,0.019933399
13470.0,At-Risk,0.5478347
13473.0,At-Risk,0.6603813
13474.0,At-Risk,0.6171225
13475.0,At-Risk,0.30768582
13476.0,At-Risk,0.34291065
13477.0,At-Risk,0.23054636
13479.0,At-Risk,0.42905205
13481.0,At-Risk,0.31117126
13482.0,At-Risk,0.64442194
13484.0,At-Risk,0.6217909
13485.0,At-Risk,0.6217909
13486.0,At-Risk,0.320795
13487.0,At-Risk,0.42564887
13488.0,Loyal Core,0.021785473
13489.0,At-Risk,0.42426404
13491.0,At-Risk,0.094879374
13492.0,At-Risk,0.27867085
13493.0,At-Risk,0.65913707
13494.0,At-Risk,0.7014912
13495.0,At-Risk,0.37408337
13496.0,At-Risk,0.6181021
13497.0,At-Risk,0.5031269
13499.0,At-Risk,0.49859923
13500.0,At-Risk,0.4721947
13501.0,At-Risk,0.60519695
13502.0,At-Risk,0.560935
13505.0,At-Risk,0.283228
13506.0,At-Risk,0.60555494
13507.0,At-Risk,0.3418368
13508.0,At-Risk,0.6694181
13509.0,At-Risk,0.2913149
13510.0,At-Risk,0.43207997
13512.0,At-Risk,0.6171225
13513.0,At-Risk,0.53285855
13515.0,At-Risk,0.33218783
13516.0,At-Risk,0.6694181
13517.0,At-Risk,0.34159565
13520.0,At-Risk,0.089576535
13523.0,At-Risk,0.33680013
13524.0,At-Risk,0.42767128
13525.0,At-Risk,0.6171225
13527.0,At-Risk,0.2295568
13529.0,At-Risk,0.55980414
13531.0,At-Risk,0.42564887
13533.0,At-Risk,0.47129458
13534.0,Loyal Core,0.021850117
13538.0,At-Risk,0.101453155
13539.0,At-Risk,0.46195847
13544.0,At-Risk,0.6694181
13546.0,At-Risk,0.58119434
13548.0,At-Risk,0.6171225
13549.0,At-Risk,0.15392663
13551.0,At-Risk,0.6944312
13552.0,At-Risk,0.03227777
13555.0,At-Risk,0.48839408
13557.0,At-Risk,0.6444451
13561.0,At-Risk,0.6419098
13562.0,At-Risk,0.28647253
13563.0,At-Risk,0.44948485
13564.0,At-Risk,0.2747922
13565.0,At-Risk,0.68480426
13568.0,At-Risk,0.5559885
13569.0,At-Risk,0.6211211
13570.0,At-Risk,0.6171225
13571.0,At-Risk,0.14357726
13572.0,At-Risk,0.48839408
13573.0,At-Risk,0.6525206
13575.0,At-Risk,0.34912327
13576.0,Loyal Core,0.02335154
13577.0,At-Risk,0.31453863
13579.0,At-Risk,0.60270745
13581.0,At-Risk,0.6863044
13583.0,At-Risk,0.48693848
13584.0,At-Risk,0.6863044
13588.0,At-Risk,0.27867085
13589.0,At-Risk,0.5638687
13590.0,At-Risk,0.2264955
13591.0,At-Risk,0.37877545
13592.0,At-Risk,0.5479432
13593.0,At-Risk,0.14624193
13599.0,Loyal Core,0.12300032
13600.0,At-Risk,0.66194034
13601.0,At-Risk,0.5147847
13606.0,At-Risk,0.45703995
13610.0,At-Risk,0.10286366
13611.0,At-Risk,0.40799066
13614.0,At-Risk,0.27650747
13615.0,At-Risk,0.7014912
13617.0,At-Risk,0.3530834
13618.0,At-Risk,0.5675993
13621.0,At-Risk,0.5361269
13623.0,At-Risk,0.42588416
13626.0,At-Risk,0.6171225
13627.0,At-Risk,0.2837938
13629.0,At-Risk,0.03036187
13630.0,At-Risk,0.095681645
13631.0,At-Risk,0.03826269
13632.0,At-Risk,0.30063733
13634.0,At-Risk,0.35702312
13636.0,At-Risk,0.30838293
13637.0,At-Risk,0.34890637
13642.0,At-Risk,0.59386533
13643.0,At-Risk,0.61856407
13644.0,At-Risk,0.3701503
13645.0,At-Risk,0.4721947
13647.0,At-Risk,0.3339541
13649.0,At-Risk,0.45971444
13650.0,At-Risk,0.3995721
13652.0,At-Risk,0.44665962
13654.0,At-Risk,0.23552465
13655.0,At-Risk,0.36265352
13656.0,At-Risk,0.36159232
13657.0,At-Risk,0.55980414
13658.0,At-Risk,0.48200342
13659.0,At-Risk,0.4237176
13662.0,At-Risk,0.41937864
13663.0,At-Risk,0.5638687
13666.0,At-Risk,0.6861132
13667.0,At-Risk,0.44948485
13668.0,Loyal Core,0.018790752
13669.0,At-Risk,0.5726915
13672.0,At-Risk,0.5803175
13675.0,At-Risk,0.39715517
13678.0,At-Risk,0.5253995
13680.0,At-Risk,0.6870108
13681.0,At-Risk,0.575838
13682.0,At-Risk,0.6754945
13684.0,At-Risk,0.7198038
13686.0,At-Risk,0.6897438
13692.0,At-Risk,0.4138276
13694.0,Loyal Core,0.017989626
13695.0,At-Risk,0.045338698
13699.0,At-Risk,0.52053404
13700.0,At-Risk,0.12689121
13703.0,At-Risk,0.6863044
13705.0,At-Risk,0.25037464
13706.0,At-Risk,0.7014912
13707.0,At-Risk,0.5304849
13708.0,At-Risk,0.6444451
13709.0,At-Risk,0.12753746
13711.0,At-Risk,0.6103294
13712.0,At-Risk,0.6171225
13715.0,At-Risk,0.47384635
13716.0,At-Risk,0.67659265
13717.0,At-Risk,0.24740176
13718.0,At-Risk,0.49859923
13719.0,At-Risk,0.41937864
13720.0,At-Risk,0.276239
13722.0,At-Risk,0.21828602
13723.0,At-Risk,0.6357448
13725.0,At-Risk,0.18447584
13726.0,At-Risk,0.26034015
13728.0,At-Risk,0.12121226
13730.0,At-Risk,0.3254047
13731.0,At-Risk,0.5276412
13735.0,At-Risk,0.3556753
13736.0,At-Risk,0.6217909
13737.0,At-Risk,0.5365514
13740.0,At-Risk,0.6217909
13741.0,At-Risk,0.3508449
13742.0,At-Risk,0.12897642
13743.0,At-Risk,0.14819902
13744.0,At-Risk,0.59906757
13745.0,At-Risk,0.52053404
13747.0,At-Risk,0.71249735
13748.0,At-Risk,0.40549868
13750.0,At-Risk,0.17102765
13751.0,At-Risk,0.6170453
13752.0,At-Risk,0.17702864
13753.0,At-Risk,0.6198902
13754.0,At-Risk,0.4274184
13756.0,At-Risk,0.022486262
13758.0,At-Risk,0.2742167
13760.0,At-Risk,0.6694181
13761.0,At-Risk,0.49765465
13762.0,At-Risk,0.615029
13764.0,At-Risk,0.19086333
13767.0,Loyal Core,0.017280197
13769.0,At-Risk,0.11044067
13771.0,At-Risk,0.39703062
13772.0,At-Risk,0.6171225
13777.0,Loyal Core,0.019764686
13778.0,At-Risk,0.3157211
13780.0,At-Risk,0.5675993
13781.0,At-Risk,0.6694181
13782.0,At-Risk,0.37569436
13784.0,At-Risk,0.032054603
13786.0,At-Risk,0.60270745
13787.0,At-Risk,0.6211211
13791.0,At-Risk,0.32545498
13792.0,At-Risk,0.7430683
13798.0,Loyal Core,0.017989626
13799.0,At-Risk,0.33840773
13800.0,At-Risk,0.7014912
13802.0,At-Risk,0.22672811
13803.0,At-Risk,0.6171225
13804.0,At-Risk,0.21679418
13805.0,At-Risk,0.4836611
13807.0,At-Risk,0.6211211
13809.0,At-Risk,0.6863044
13811.0,At-Risk,0.29949287
13812.0,At-Risk,0.26034015
13813.0,At-Risk,0.47703993
13814.0,At-Risk,0.44753984
13815.0,At-Risk,0.23956172
13817.0,At-Risk,0.68480426
13819.0,At-Risk,0.60113734
13821.0,At-Risk,0.36869335
13824.0,At-Risk,0.2601693
13826.0,At-Risk,0.5675993
13827.0,At-Risk,0.47703993
13831.0,At-Risk,0.23996639
13833.0,At-Risk,0.52053404
13835.0,At-Risk,0.36946476
13837.0,At-Risk,0.41602743
13838.0,At-Risk,0.3239201
13841.0,At-Risk,0.6694181
13842.0,At-Risk,0.05275021
13846.0,At-Risk,0.44233027
13848.0,At-Risk,0.4988772
13849.0,At-Risk,0.43580997
13850.0,At-Risk,0.4800492
13851.0,At-Risk,0.3151468
13854.0,Loyal Core,0.019562753
13856.0,At-Risk,0.49182248
13859.0,At-Risk,0.6603813
13862.0,At-Risk,0.09244766
13863.0,At-Risk,0.6217909
13865.0,At-Risk,0.32553723
13867.0,At-Risk,0.66304624
13869.0,At-Risk,0.17116866
13870.0,At-Risk,0.09886301
13871.0,At-Risk,0.03261376
13873.0,At-Risk,0.43214986
13874.0,At-Risk,0.64328325
13875.0,At-Risk,0.21318151
13880.0,At-Risk,0.022531416
13881.0,Loyal Core,0.031083772
13883.0,At-Risk,0.41810983
13884.0,At-Risk,0.6560232
13885.0,At-Risk,0.5316644
13887.0,At-Risk,0.5147847
13888.0,At-Risk,0.344296
13890.0,At-Risk,0.26577276
13892.0,At-Risk,0.7221675
13893.0,At-Risk,0.6592572
13894.0,At-Risk,0.66194034
13895.0,At-Risk,0.35198283
13898.0,At-Risk,0.6603813
13899.0,At-Risk,0.6444451
13900.0,At-Risk,0.3841422
13901.0,At-Risk,0.15588908
13904.0,At-Risk,0.6225338
13908.0,At-Risk,0.22609408
13911.0,At-Risk,0.033004943
13917.0,At-Risk,0.6404603
13918.0,At-Risk,0.64442194
13919.0,At-Risk,0.52801883
13922.0,At-Risk,0.6603813
13925.0,At-Risk,0.4446254
13928.0,At-Risk,0.4018535
13929.0,At-Risk,0.34242675
13930.0,At-Risk,0.5186724
13931.0,At-Risk,0.65913707
13932.0,At-Risk,0.621714
13933.0,At-Risk,0.3298112
13934.0,At-Risk,0.66658837
13936.0,At-Risk,0.4965459
13937.0,At-Risk,0.5873151
13939.0,At-Risk,0.3278072
13940.0,At-Risk,0.3565596
13941.0,At-Risk,0.17427027
13946.0,At-Risk,0.416531
13948.0,At-Risk,0.62894756
13950.0,At-Risk,0.64442194
13951.0,At-Risk,0.34239495
13952.0,At-Risk,0.60864896
13953.0,At-Risk,0.113845296
13955.0,At-Risk,0.43412277
13956.0,At-Risk,0.26360336
13959.0,At-Risk,0.5031269
13962.0,At-Risk,0.6694181
13963.0,At-Risk,0.5687728
13967.0,At-Risk,0.6258374
13969.0,Loyal Core,0.019936398
13971.0,At-Risk,0.09779118
13972.0,At-Risk,0.55980414
13973.0,At-Risk,0.6170453
13975.0,At-Risk,0.25606424
13976.0,At-Risk,0.5147847
13982.0,At-Risk,0.30050245
13983.0,At-Risk,0.12803876
13984.0,At-Risk,0.28402725
13985.0,Loyal Core,0.029873688
13988.0,At-Risk,0.31121454
13989.0,At-Risk,0.5883071
13990.0,At-Risk,0.5147847
13991.0,At-Risk,0.516979
13993.0,At-Risk,0.08744811
13994.0,At-Risk,0.38712105
13995.0,At-Risk,0.31111118
13999.0,At-Risk,0.021785473
14000.0,At-Risk,0.5098604
14001.0,At-Risk,0.4444814
14002.0,At-Risk,0.40763554
14004.0,At-Risk,0.15616201
14005.0,At-Risk,0.31647852
14006.0,At-Risk,0.28304172
14009.0,At-Risk,0.51151717
14012.0,At-Risk,0.65913707
14013.0,At-Risk,0.30681276
14016.0,At-Risk,0.18940276
14019.0,At-Risk,0.46286747
14021.0,At-Risk,0.40329087
14022.0,At-Risk,0.6217909
14023.0,At-Risk,0.6171225
14024.0,At-Risk,0.4721947
14029.0,At-Risk,0.516979
14030.0,At-Risk,0.11044067
14031.0,Loyal Core,0.019764686
14032.0,At-Risk,0.12075555
14034.0,At-Risk,0.5216408
14035.0,At-Risk,0.36232454
14036.0,At-Risk,0.6198843
14037.0,At-Risk,0.5606369
14038.0,At-Risk,0.3002567
14040.0,At-Risk,0.029423028
14041.0,At-Risk,0.68929535
14044.0,At-Risk,0.33752164
14045.0,At-Risk,0.26130423
14046.0,At-Risk,0.6499688
14047.0,At-Risk,0.39120933
14048.0,At-Risk,0.7014912
14049.0,At-Risk,0.27539375
14050.0,At-Risk,0.55696994
14051.0,Loyal Core,0.019560955
14053.0,At-Risk,0.34912327
14055.0,At-Risk,0.57828915
14056.0,Loyal Core,0.025449295
14057.0,Loyal Core,0.02875857
14059.0,At-Risk,0.6650502
14060.0,Loyal Core,0.019933399
14062.0,Loyal Core,0.022675592
14064.0,At-Risk,0.26648661
14066.0,At-Risk,0.68929535
14068.0,At-Risk,0.6924211
14071.0,At-Risk,0.6018504
14075.0,At-Risk,0.6217909
14076.0,At-Risk,0.54457873
14077.0,At-Risk,0.47129458
14078.0,At-Risk,0.22981024
14079.0,At-Risk,0.47703993
14081.0,At-Risk,0.59287655
14082.0,At-Risk,0.60270745
14083.0,At-Risk,0.10573001
14085.0,Loyal Core,0.03612785
14088.0,Loyal Core,0.044974234
14090.0,At-Risk,0.7405501
14092.0,At-Risk,0.028242959
14096.0,Loyal Core,0.32580018
14099.0,At-Risk,0.029423028
14100.0,At-Risk,0.5186724
14101.0,At-Risk,0.07313409
14104.0,At-Risk,0.575838
14105.0,At-Risk,0.59448963
14107.0,At-Risk,0.115031265
14108.0,At-Risk,0.26034015
14110.0,At-Risk,0.08002043
14111.0,At-Risk,0.4660737
14112.0,At-Risk,0.18638721
14113.0,At-Risk,0.64328325
14114.0,At-Risk,0.5576512
14116.0,At-Risk,0.4721947
14117.0,At-Risk,0.5693836
14127.0,At-Risk,0.2832129
14128.0,At-Risk,0.6217909
14129.0,At-Risk,0.6217909
14130.0,At-Risk,0.7093911
14132.0,At-Risk,0.17135602
14133.0,At-Risk,0.28678578
14135.0,At-Risk,0.028853059
14141.0,At-Risk,0.26034015
14142.0,At-Risk,0.635006
14143.0,At-Risk,0.54457873
14145.0,At-Risk,0.27755848
14146.0,At-Risk,0.4097584
14147.0,At-Risk,0.61007017
14148.0,At-Risk,0.64442194
14149.0,At-Risk,0.6217909
14150.0,At-Risk,0.6074398
14152.0,At-Risk,0.6217909
14154.0,At-Risk,0.59448963
14155.0,At-Risk,0.68929535
14157.0,At-Risk,0.6045156
14159.0,At-Risk,0.06432874
14161.0,At-Risk,0.35565788
14162.0,At-Risk,0.3970987
14163.0,At-Risk,0.28481415
14165.0,At-Risk,0.67659265
14167.0,At-Risk,0.45923793
14173.0,At-Risk,0.66304624
14175.0,At-Risk,0.2926436
14176.0,At-Risk,0.5481682
14177.0,At-Risk,0.5638687
14178.0,At-Risk,0.32105497
14180.0,Loyal Core,0.019933399
14185.0,At-Risk,0.6603813
14188.0,At-Risk,0.1960201
14189.0,At-Risk,0.021785473
14191.0,At-Risk,0.19287737
14193.0,At-Risk,0.65913707
14194.0,Loyal Core,0.030993953
14195.0,At-Risk,0.38758904
14196.0,At-Risk,0.55041504
14198.0,At-Risk,0.33400878
14199.0,At-Risk,0.63782895
14201.0,At-Risk,0.20844196
14205.0,At-Risk,0.6577718
14206.0,At-Risk,0.6217909
14209.0,At-Risk,0.124844626
14210.0,At-Risk,0.18339261
14211.0,At-Risk,0.29744184
14214.0,At-Risk,0.30073243
14215.0,At-Risk,0.274907
14217.0,At-Risk,0.0548806
14220.0,At-Risk,0.45482314
14221.0,At-Risk,0.029423028
14222.0,At-Risk,0.518537
14223.0,At-Risk,0.34900913
14224.0,At-Risk,0.30486175
14226.0,At-Risk,0.38481423
14227.0,At-Risk,0.22875509
14229.0,At-Risk,0.48262492
14231.0,At-Risk,0.28401616
14232.0,At-Risk,0.20659785
14233.0,At-Risk,0.35343176
14235.0,At-Risk,0.22364187
14236.0,At-Risk,0.6198739
14237.0,At-Risk,0.6198739
14238.0,At-Risk,0.68480426
14239.0,At-Risk,0.062988296
14240.0,At-Risk,0.6171225
14241.0,At-Risk,0.5522368
14242.0,At-Risk,0.45479962
14243.0,At-Risk,0.03718571
14245.0,At-Risk,0.486563
14246.0,At-Risk,0.28526422
14247.0,At-Risk,0.67659265
14248.0,At-Risk,0.691997
14256.0,At-Risk,0.42895493
14257.0,At-Risk,0.16367677
14258.0,Loyal Core,0.034312278
14259.0,At-Risk,0.516979
14262.0,At-Risk,0.27611783
14264.0,At-Risk,0.37156647
14265.0,At-Risk,0.37809262
14267.0,At-Risk,0.28481415
14270.0,At-Risk,0.70003194
14271.0,At-Risk,0.6694181
14272.0,At-Risk,0.6694181
14273.0,At-Risk,0.34342277
14276.0,At-Risk,0.33087915
14277.0,At-Risk,0.48839408
14280.0,At-Risk,0.58119434
14282.0,At-Risk,0.021785473
14285.0,At-Risk,0.562733
14286.0,At-Risk,0.59448963
14287.0,At-Risk,0.58119434
14288.0,At-Risk,0.5147847
14289.0,At-Risk,0.10533176
14290.0,At-Risk,0.60974437
14291.0,At-Risk,0.031846255
14292.0,At-Risk,0.19506086
14293.0,At-Risk,0.25952113
14297.0,At-Risk,0.6444451
14298.0,Loyal Core,0.025184717
14299.0,At-Risk,0.09272045
14301.0,At-Risk,0.5173523
14304.0,At-Risk,0.6217909
14305.0,At-Risk,0.38060394
14307.0,At-Risk,0.13547868
14309.0,At-Risk,0.13127184
14311.0,At-Risk,0.6217909
14312.0,At-Risk,0.2532191
14314.0,At-Risk,0.6161036
14315.0,At-Risk,0.09394228
14320.0,At-Risk,0.42564887
14321.0,At-Risk,0.28481176
14323.0,At-Risk,0.35485357
14326.0,At-Risk,0.64442194
14327.0,At-Risk,0.52053404
14329.0,At-Risk,0.16309403
14331.0,At-Risk,0.47703993
14332.0,At-Risk,0.516979
14334.0,At-Risk,0.09764887
14336.0,At-Risk,0.35026062
14338.0,At-Risk,0.45854262
14339.0,At-Risk,0.6217909
14340.0,At-Risk,0.66304624
14341.0,At-Risk,0.10462194
14342.0,At-Risk,0.3792131
14344.0,At-Risk,0.038526785
14346.0,At-Risk,0.30986008
14348.0,At-Risk,0.6217909
14350.0,At-Risk,0.6444451
14351.0,At-Risk,0.6929519
14352.0,At-Risk,0.27566138
14353.0,At-Risk,0.6598441
14355.0,At-Risk,0.60270745
14364.0,At-Risk,0.21419479
14367.0,Loyal Core,0.035481248
14368.0,At-Risk,0.6944312
14371.0,At-Risk,0.67578495
14373.0,At-Risk,0.72647846
14375.0,At-Risk,0.4965459
14377.0,At-Risk,0.42905205
14379.0,At-Risk,0.67578495
14383.0,At-Risk,0.52053404
14386.0,At-Risk,0.67578495
14387.0,At-Risk,0.480318
14388.0,At-Risk,0.09518963
14389.0,At-Risk,0.5365514
14390.0,At-Risk,0.25535968
14393.0,At-Risk,0.7163816
14395.0,At-Risk,0.12056019
14396.0,At-Risk,0.63796973
14397.0,Loyal Core,0.16766492
14400.0,At-Risk,0.456057
14401.0,At-Risk,0.025665263
14403.0,At-Risk,0.29369605
14404.0,At-Risk,0.12161515
14406.0,At-Risk,0.5478347
14407.0,At-Risk,0.09779118
14408.0,At-Risk,0.08807654
14409.0,At-Risk,0.09699258
14410.0,At-Risk,0.03740841
14411.0,At-Risk,0.6994609
14413.0,At-Risk,0.62894756
14414.0,At-Risk,0.1316627
14415.0,At-Risk,0.027367786
14418.0,At-Risk,0.5914035
14419.0,At-Risk,0.45971444
14421.0,At-Risk,0.5147847
14422.0,At-Risk,0.2588323
14423.0,At-Risk,0.6103294
14426.0,At-Risk,0.090647444
14428.0,At-Risk,0.45971444
14431.0,At-Risk,0.7014912
14437.0,At-Risk,0.6834151
14438.0,At-Risk,0.6863044
14439.0,At-Risk,0.69660014
14440.0,At-Risk,0.59903723
14441.0,At-Risk,0.6217909
14442.0,At-Risk,0.3900647
14443.0,At-Risk,0.25544772
14446.0,At-Risk,0.6217909
14447.0,At-Risk,0.426187
14448.0,At-Risk,0.6211211
14449.0,At-Risk,0.47126758
14450.0,At-Risk,0.35482654
14451.0,At-Risk,0.5365514
14453.0,At-Risk,0.58119434
14456.0,At-Risk,0.36463994
14457.0,At-Risk,0.6863044
14459.0,At-Risk,0.46045712
14460.0,At-Risk,0.34434342
14461.0,At-Risk,0.274505
14462.0,At-Risk,0.03965804
14463.0,At-Risk,0.3508449
14465.0,At-Risk,0.3593983
14466.0,At-Risk,0.18216139
14467.0,At-Risk,0.6863044
14470.0,At-Risk,0.6170453
14472.0,At-Risk,0.036111426
14473.0,At-Risk,0.67659265
14475.0,At-Risk,0.33477253
14476.0,At-Risk,0.64442194
14477.0,At-Risk,0.33477253
14479.0,At-Risk,0.45971444
14481.0,At-Risk,0.36367977
14482.0,At-Risk,0.6171225
14483.0,At-Risk,0.67659265
14487.0,At-Risk,0.6211211
14489.0,At-Risk,0.5147847
14491.0,At-Risk,0.28591472
14493.0,At-Risk,0.45059058
14495.0,At-Risk,0.59489954
14496.0,At-Risk,0.60555494
14497.0,At-Risk,0.7014912
14498.0,At-Risk,0.16280006
14499.0,At-Risk,0.33505017
14500.0,At-Risk,0.3530834
14501.0,At-Risk,0.38049006
14502.0,At-Risk,0.058262844
14503.0,At-Risk,0.43207997
14504.0,At-Risk,0.4851632
14505.0,At-Risk,0.055675417
14506.0,At-Risk,0.2988366
14507.0,At-Risk,0.31269234
14511.0,At-Risk,0.54457873
14512.0,At-Risk,0.40003785
14513.0,At-Risk,0.54610634
14514.0,At-Risk,0.42564887
14515.0,At-Risk,0.39092195
14517.0,At-Risk,0.44948485
14520.0,At-Risk,0.6225338
14522.0,At-Risk,0.5365514
14523.0,At-Risk,0.5247487
14524.0,At-Risk,0.12977274
14525.0,At-Risk,0.032322615
14527.0,Loyal Core,0.01695803
14529.0,At-Risk,0.5478347
14530.0,At-Risk,0.1975959
14532.0,At-Risk,0.30334473
14533.0,At-Risk,0.22539644
14534.0,Loyal Core,0.027421273
14535.0,At-Risk,0.31171423
14536.0,At-Risk,0.64442194
14538.0,At-Risk,0.6694181
14540.0,At-Risk,0.66194034
14541.0,At-Risk,0.12552732
14542.0,At-Risk,0.57640636
14543.0,At-Risk,0.019562753
14544.0,At-Risk,0.6158152
14546.0,At-Risk,0.3815337
14548.0,At-Risk,0.30129167
14549.0,At-Risk,0.68776
14551.0,At-Risk,0.55980414
14552.0,At-Risk,0.58177453
14553.0,At-Risk,0.45971444
14555.0,At-Risk,0.66194034
14560.0,Loyal Core,0.034452304
14561.0,At-Risk,0.4289993
14562.0,Loyal Core,0.08807654
14565.0,At-Risk,0.17234254
14566.0,At-Risk,0.4833288
14567.0,At-Risk,0.46753603
14570.0,At-Risk,0.6444451
14572.0,At-Risk,0.12927935
14573.0,At-Risk,0.24552739
14576.0,At-Risk,0.6263672
14577.0,At-Risk,0.3269094
14583.0,At-Risk,0.22728132
14584.0,At-Risk,0.38564786
14586.0,At-Risk,0.6444451
14587.0,At-Risk,0.112356834
14589.0,At-Risk,0.6988367
14591.0,At-Risk,0.5147847
14593.0,At-Risk,0.5365514
14594.0,At-Risk,0.6198739
14595.0,At-Risk,0.66194034
14597.0,At-Risk,0.58119434
14600.0,At-Risk,0.7014912
14603.0,At-Risk,0.6472029
14607.0,Loyal Core,0.6217909
14608.0,At-Risk,0.60270745
14609.0,At-Risk,0.27718318
14616.0,At-Risk,0.46843
14618.0,At-Risk,0.6603813
14619.0,At-Risk,0.6217909
14620.0,At-Risk,0.416531
14621.0,At-Risk,0.23860176
14622.0,At-Risk,0.4965459
14623.0,At-Risk,0.30926308
14625.0,At-Risk,0.3970577
14626.0,At-Risk,0.3170181
14628.0,At-Risk,0.6217909
14631.0,At-Risk,0.51666045
14632.0,At-Risk,0.6694181
14633.0,At-Risk,0.6969847
14636.0,At-Risk,0.6444451
14639.0,At-Risk,0.1460851
14640.0,At-Risk,0.2562168
14643.0,At-Risk,0.4037626
14644.0,At-Risk,0.63816386
14645.0,At-Risk,0.35300326
14647.0,At-Risk,0.5147847
14649.0,At-Risk,0.5147847
14651.0,At-Risk,0.5147847
14653.0,At-Risk,0.70003194
14655.0,At-Risk,0.5883071
14656.0,At-Risk,0.4047909
14657.0,At-Risk,0.37413073
14658.0,At-Risk,0.5478347
14659.0,At-Risk,0.099447235
14660.0,At-Risk,0.3157211
14662.0,At-Risk,0.40892383
14665.0,At-Risk,0.5424024
14667.0,Loyal Core,0.018790752
14669.0,At-Risk,0.35732162
14670.0,At-Risk,0.65913707
14672.0,At-Risk,0.4208681
14673.0,At-Risk,0.6181021
14676.0,At-Risk,0.23552465
14680.0,Loyal Core,0.019560955
14681.0,At-Risk,0.5147847
14682.0,At-Risk,0.54435015
14684.0,At-Risk,0.45150825
14687.0,At-Risk,0.51220685
14688.0,Loyal Core,0.019764686
14689.0,At-Risk,0.5791547
14690.0,At-Risk,0.5253995
14691.0,At-Risk,0.5147847
14692.0,At-Risk,0.3644124
14693.0,At-Risk,0.6650502
14696.0,At-Risk,0.11209842
14697.0,At-Risk,0.63782895
14699.0,At-Risk,0.6598441
14700.0,At-Risk,0.31166214
14701.0,At-Risk,0.11305275
14702.0,At-Risk,0.041364484
14704.0,At-Risk,0.32105497
14705.0,At-Risk,0.58119434
14708.0,At-Risk,0.24679391
14709.0,At-Risk,0.028030487
14711.0,At-Risk,0.038795836
14712.0,At-Risk,0.5478347
14713.0,At-Risk,0.023750667
14715.0,At-Risk,0.5284262
14716.0,At-Risk,0.516979
14719.0,At-Risk,0.3529
14720.0,At-Risk,0.54457873
14722.0,At-Risk,0.516979
14723.0,At-Risk,0.5553615
14727.0,At-Risk,0.6444451
14729.0,At-Risk,0.635006
14730.0,At-Risk,0.11246126
14731.0,At-Risk,0.5147847
14732.0,At-Risk,0.08310715
14733.0,Loyal Core,0.021785473
14735.0,Loyal Core,0.023624226
14737.0,At-Risk,0.19211528
14738.0,At-Risk,0.1051366
14739.0,At-Risk,0.37408337
14740.0,At-Risk,0.35026062
14741.0,At-Risk,0.25180995
14744.0,At-Risk,0.39314872
14745.0,At-Risk,0.09740147
14747.0,At-Risk,0.6217909
14748.0,At-Risk,0.25049686
14754.0,At-Risk,0.63816386
14755.0,At-Risk,0.029423028
14758.0,At-Risk,0.2543443
14759.0,At-Risk,0.3255796
14760.0,At-Risk,0.67578495
14761.0,At-Risk,0.68480426
14762.0,At-Risk,0.69278586
14765.0,At-Risk,0.52438974
14766.0,At-Risk,0.27995366
14768.0,At-Risk,0.54457873
14769.0,At-Risk,0.076405965
14770.0,At-Risk,0.4208681
14772.0,At-Risk,0.5478347
14775.0,At-Risk,0.21016066
14776.0,At-Risk,0.038194053
14778.0,At-Risk,0.33115515
14779.0,At-Risk,0.5831283
14782.0,At-Risk,0.67039514
14784.0,At-Risk,0.68480426
14790.0,At-Risk,0.36065957
14794.0,At-Risk,0.31386817
14795.0,At-Risk,0.5873151
14796.0,Loyal Core,0.01695803
14798.0,At-Risk,0.4550582
14800.0,At-Risk,0.03550607
14803.0,At-Risk,0.35673955
14805.0,At-Risk,0.6863044
14808.0,At-Risk,0.18283159
14810.0,At-Risk,0.040228304
14813.0,At-Risk,0.60270745
14816.0,At-Risk,0.5365514
14817.0,At-Risk,0.39423174
14818.0,At-Risk,0.37156647
14819.0,At-Risk,0.58119434
14820.0,At-Risk,0.5675993
14821.0,At-Risk,0.6834151
14823.0,At-Risk,0.56592655
14825.0,At-Risk,0.038660046
14828.0,At-Risk,0.3429466
14829.0,At-Risk,0.3807909
14834.0,At-Risk,0.35910252
14837.0,At-Risk,0.30999455
14840.0,At-Risk,0.7315746
14841.0,At-Risk,0.17028442
14842.0,At-Risk,0.40002456
14844.0,At-Risk,0.23745252
14847.0,At-Risk,0.44948485
14849.0,Loyal Core,0.019931577
14850.0,At-Risk,0.7014912
14851.0,At-Risk,0.64442194
14852.0,At-Risk,0.25166056
14853.0,At-Risk,0.55980414
14854.0,At-Risk,0.08128083
14855.0,At-Risk,0.47113428
14857.0,At-Risk,0.456057
14859.0,At-Risk,0.5147847
14862.0,At-Risk,0.44948485
14865.0,At-Risk,0.6263672
14866.0,Loyal Core,0.22161797
14867.0,At-Risk,0.41654798
14868.0,At-Risk,0.23342034
14869.0,At-Risk,0.3599063
14870.0,At-Risk,0.6217909
14871.0,At-Risk,0.4998627
14873.0,At-Risk,0.5147847
14875.0,At-Risk,0.38640308
14878.0,At-Risk,0.12689121
14880.0,At-Risk,0.33477253
14883.0,At-Risk,0.4467237
14885.0,At-Risk,0.46753603
14886.0,At-Risk,0.6217909
14888.0,At-Risk,0.5147847
14889.0,At-Risk,0.68480426
14890.0,At-Risk,0.6694181
14891.0,At-Risk,0.3415821
14895.0,Loyal Core,0.033055324
14896.0,At-Risk,0.42564887
14897.0,At-Risk,0.63816386
14898.0,At-Risk,0.16342312
14901.0,At-Risk,0.19653575
14903.0,At-Risk,0.1646801
14905.0,At-Risk,0.37156647
14907.0,At-Risk,0.13948303
14912.0,At-Risk,0.6217909
14913.0,At-Risk,0.2821832
14915.0,At-Risk,0.67659265
14916.0,At-Risk,0.29982874
14918.0,At-Risk,0.33908814
14920.0,At-Risk,0.48422548
14921.0,At-Risk,0.48200342
14924.0,At-Risk,0.6217909
14930.0,At-Risk,0.24544606
14931.0,At-Risk,0.41937864
14932.0,At-Risk,0.6181021
14934.0,At-Risk,0.6269761
14935.0,At-Risk,0.664981
14936.0,At-Risk,0.19008693
14937.0,At-Risk,0.46753603
14944.0,At-Risk,0.090647444
14947.0,At-Risk,0.54457873
14948.0,At-Risk,0.31042832
14952.0,At-Risk,0.19797465
14957.0,At-Risk,0.7221675
14958.0,At-Risk,0.30232054
14959.0,At-Risk,0.38550052
14960.0,At-Risk,0.61856407
14961.0,At-Risk,0.09058609
14962.0,At-Risk,0.67659265
14963.0,At-Risk,0.4965459
14964.0,At-Risk,0.64442194
14970.0,At-Risk,0.25997096
14972.0,At-Risk,0.54457873
14973.0,At-Risk,0.30999455
14976.0,At-Risk,0.40919346
14978.0,At-Risk,0.30877867
14981.0,At-Risk,0.6694181
14984.0,At-Risk,0.5638687
14985.0,At-Risk,0.43535852
14987.0,At-Risk,0.60270745
14988.0,At-Risk,0.5147847
14995.0,At-Risk,0.67659265
14997.0,At-Risk,0.5638687
14998.0,At-Risk,0.3529
15002.0,At-Risk,0.2885129
15004.0,At-Risk,0.49871716
15005.0,Loyal Core,0.01695803
15007.0,At-Risk,0.5873151
15012.0,At-Risk,0.6198739
15014.0,At-Risk,0.5675993
15016.0,At-Risk,0.5675993
15018.0,At-Risk,0.45479962
15019.0,At-Risk,0.69278586
15021.0,At-Risk,0.15745991
15023.0,At-Risk,0.021785473
15024.0,At-Risk,0.1796765
15026.0,At-Risk,0.49364853
15027.0,At-Risk,0.31864595
15028.0,At-Risk,0.60270745
15030.0,At-Risk,0.67659265
15031.0,At-Risk,0.40522146
15032.0,At-Risk,0.34032068
15033.0,At-Risk,0.1078673
15034.0,At-Risk,0.2060372
15036.0,At-Risk,0.4965459
15038.0,At-Risk,0.38458943
15039.0,Loyal Core,0.019560955
15041.0,At-Risk,0.5675993
15042.0,At-Risk,0.58119434
15044.0,Loyal Core,0.019397115
15045.0,At-Risk,0.3674816
15046.0,At-Risk,0.030773912
15047.0,At-Risk,0.65913707
15048.0,At-Risk,0.5579281
15049.0,At-Risk,0.67659265
15051.0,At-Risk,0.44948485
15052.0,At-Risk,0.67039514
15053.0,At-Risk,0.36367977
15057.0,At-Risk,0.52710676
15058.0,At-Risk,0.04100453
15059.0,At-Risk,0.042551313
15061.0,Loyal Core,0.020573983
15062.0,At-Risk,0.36811224
15063.0,At-Risk,0.5147847
15065.0,At-Risk,0.21632273
15067.0,At-Risk,0.6269761
15068.0,At-Risk,0.6171225
15069.0,At-Risk,0.4567629
15070.0,At-Risk,0.63796973
15071.0,At-Risk,0.65913707
15073.0,At-Risk,0.4682072
15074.0,At-Risk,0.4145391
15076.0,At-Risk,0.47198987
15078.0,Loyal Core,0.020922428
15079.0,At-Risk,0.29970065
15081.0,At-Risk,0.42564887
15083.0,At-Risk,0.6694181
15087.0,At-Risk,0.6489699
15089.0,At-Risk,0.4486877
15090.0,At-Risk,0.7014912
15092.0,At-Risk,0.44226304
15093.0,At-Risk,0.08654467
15095.0,At-Risk,0.28706333
15098.0,Loyal Core,0.49103338
15100.0,At-Risk,0.5841036
15101.0,At-Risk,0.62894756
15104.0,At-Risk,0.40002456
15105.0,At-Risk,0.4836611
15106.0,At-Risk,0.2534403
15107.0,At-Risk,0.75932556
15108.0,At-Risk,0.2707124
15109.0,At-Risk,0.6217909
15110.0,At-Risk,0.27312824
15111.0,At-Risk,0.6198739
15114.0,At-Risk,0.08400652
15116.0,At-Risk,0.3184696
15117.0,At-Risk,0.33107656
15118.0,At-Risk,0.47703993
15119.0,At-Risk,0.6171225
15120.0,At-Risk,0.47703993
15121.0,At-Risk,0.6170453
15122.0,At-Risk,0.2619873
15123.0,At-Risk,0.48839408
15124.0,At-Risk,0.58119434
15125.0,Loyal Core,0.039703682
15128.0,At-Risk,0.2737514
15129.0,At-Risk,0.029873688
15130.0,At-Risk,0.52053404
15132.0,At-Risk,0.32963288
15133.0,At-Risk,0.26818818
15134.0,At-Risk,0.3165425
15135.0,At-Risk,0.6694181
15139.0,At-Risk,0.49538067
15140.0,At-Risk,0.08400652
15143.0,At-Risk,0.6171225
15144.0,Loyal Core,0.033055324
15145.0,At-Risk,0.56542903
15146.0,At-Risk,0.3780505
15147.0,At-Risk,0.6217909
15149.0,At-Risk,0.4836611
15150.0,At-Risk,0.08002043
15152.0,At-Risk,0.1900167
15157.0,At-Risk,0.24369834
15159.0,Loyal Core,0.019560955
15160.0,At-Risk,0.6282934
15163.0,At-Risk,0.58119434
15164.0,At-Risk,0.42564887
15165.0,At-Risk,0.635006
15167.0,At-Risk,0.6924211
15171.0,At-Risk,0.697996
15172.0,At-Risk,0.28492272
15174.0,At-Risk,0.7155324
15178.0,At-Risk,0.7221675
15179.0,At-Risk,0.361747
15180.0,At-Risk,0.63036996
15181.0,At-Risk,0.3970987
15182.0,At-Risk,0.35300326
15184.0,At-Risk,0.5365514
15186.0,At-Risk,0.5310849
15187.0,Loyal Core,0.2562168
15189.0,Loyal Core,0.02387912
15192.0,At-Risk,0.29414597
15194.0,Loyal Core,0.022793936
15197.0,At-Risk,0.4208681
15198.0,At-Risk,0.5534859
15199.0,At-Risk,0.4445592
15201.0,At-Risk,0.2697755
15203.0,At-Risk,0.21953179
15204.0,At-Risk,0.64328325
15205.0,At-Risk,0.4836611
15206.0,At-Risk,0.44394717
15208.0,At-Risk,0.4276454
15210.0,At-Risk,0.6217909
15211.0,At-Risk,0.6181021
15212.0,At-Risk,0.6694181
15213.0,At-Risk,0.70003194
15214.0,At-Risk,0.3949055
15218.0,At-Risk,0.03174696
15219.0,At-Risk,0.50034213
15220.0,At-Risk,0.1087395
15221.0,At-Risk,0.6181021
15222.0,At-Risk,0.7014912
15223.0,At-Risk,0.54381853
15224.0,At-Risk,0.64328325
15225.0,At-Risk,0.6217909
15226.0,At-Risk,0.6863044
15227.0,At-Risk,0.33511135
15228.0,At-Risk,0.22672811
15230.0,At-Risk,0.6217909
15232.0,At-Risk,0.3298112
15234.0,At-Risk,0.6518569
15235.0,At-Risk,0.51216555
15236.0,At-Risk,0.66713333
15237.0,At-Risk,0.42004737
15238.0,At-Risk,0.4965459
15240.0,At-Risk,0.36688024
15241.0,At-Risk,0.10725807
15244.0,At-Risk,0.6171225
15245.0,At-Risk,0.2699272
15246.0,At-Risk,0.45971444
15247.0,At-Risk,0.4721947
15249.0,At-Risk,0.04307691
15251.0,Loyal Core,0.18160617
15252.0,At-Risk,0.4965459
15253.0,At-Risk,0.5873151
15254.0,At-Risk,0.47703993
15256.0,At-Risk,0.5693836
15257.0,At-Risk,0.65913707
15258.0,At-Risk,0.36946476
15260.0,At-Risk,0.053453743
15261.0,At-Risk,0.47703993
15262.0,At-Risk,0.6603813
15263.0,At-Risk,0.6161036
15265.0,At-Risk,0.32362747
15266.0,At-Risk,0.68480426
15267.0,At-Risk,0.30655435
15270.0,At-Risk,0.108462796
15271.0,At-Risk,0.023750667
15279.0,At-Risk,0.6282934
15280.0,At-Risk,0.5675993
15281.0,At-Risk,0.038104355
15288.0,At-Risk,0.2611063
15289.0,At-Risk,0.32055813
15290.0,Loyal Core,0.031062359
15291.0,At-Risk,0.12670667
15292.0,At-Risk,0.55980414
15296.0,At-Risk,0.113845296
15298.0,At-Risk,0.06329175
15299.0,At-Risk,0.08116773
15301.0,At-Risk,0.021785473
15303.0,At-Risk,0.6322233
15304.0,At-Risk,0.24561161
15306.0,At-Risk,0.44948485
15308.0,At-Risk,0.65913707
15312.0,At-Risk,0.35091788
15313.0,At-Risk,0.6393639
15314.0,At-Risk,0.5365514
15315.0,At-Risk,0.4908882
15316.0,At-Risk,0.6603813
15319.0,At-Risk,0.6518569
15321.0,At-Risk,0.60519695
15325.0,At-Risk,0.3157211
15326.0,At-Risk,0.70003194
15329.0,At-Risk,0.31453383
15332.0,At-Risk,0.4571711
15333.0,At-Risk,0.48839408
15334.0,At-Risk,0.51701266
15339.0,At-Risk,0.66194034
15342.0,At-Risk,0.47703993
15346.0,At-Risk,0.6603813
15347.0,At-Risk,0.60270745
15349.0,At-Risk,0.381692
15350.0,At-Risk,0.63796973
15351.0,At-Risk,0.60270745
15353.0,At-Risk,0.4208681
15356.0,At-Risk,0.029692331
15358.0,Loyal Core,0.018790752
15361.0,At-Risk,0.6181021
15363.0,At-Risk,0.635006
15364.0,At-Risk,0.6217909
15365.0,At-Risk,0.66194034
15366.0,At-Risk,0.6538142
15367.0,At-Risk,0.47366664
15370.0,At-Risk,0.23026562
15372.0,At-Risk,0.47276723
15373.0,At-Risk,0.041364484
15374.0,At-Risk,0.54457873
15376.0,At-Risk,0.33288795
15379.0,At-Risk,0.20767277
15380.0,At-Risk,0.20417993
15381.0,At-Risk,0.416531
15382.0,At-Risk,0.23040484
15384.0,At-Risk,0.4276454
15386.0,At-Risk,0.4965459
15388.0,At-Risk,0.67659265
15389.0,At-Risk,0.50145084
15392.0,At-Risk,0.6181021
15393.0,At-Risk,0.67659265
15394.0,At-Risk,0.39949653
15395.0,At-Risk,0.68480426
15396.0,At-Risk,0.480318
15397.0,At-Risk,0.6743071
15400.0,At-Risk,0.30745333
15402.0,At-Risk,0.3426709
15405.0,At-Risk,0.4965459
15406.0,At-Risk,0.66194034
15407.0,At-Risk,0.2890577
15408.0,At-Risk,0.69278586
15410.0,At-Risk,0.11713657
15411.0,At-Risk,0.34568062
15412.0,At-Risk,0.5675993
15414.0,At-Risk,0.6525206
15415.0,At-Risk,0.7014912
15416.0,At-Risk,0.2342281
15421.0,At-Risk,0.35535476
15422.0,At-Risk,0.68480426
15424.0,At-Risk,0.6217909
15426.0,At-Risk,0.44233027
15433.0,At-Risk,0.416531
15434.0,At-Risk,0.33980373
15436.0,At-Risk,0.6217909
15437.0,At-Risk,0.64442194
15438.0,At-Risk,0.54457873
15440.0,At-Risk,0.3792131
15442.0,At-Risk,0.6217909
15443.0,At-Risk,0.25199088
15445.0,At-Risk,0.68929535
15447.0,At-Risk,0.68480426
15448.0,At-Risk,0.7014912
15449.0,At-Risk,0.34890637
15452.0,At-Risk,0.69278586
15453.0,At-Risk,0.32885706
15454.0,At-Risk,0.60270745
15456.0,At-Risk,0.5281857
15457.0,At-Risk,0.6171225
15460.0,At-Risk,0.6282934
15462.0,At-Risk,0.39540666
15464.0,At-Risk,0.697996
15465.0,Loyal Core,0.019397115
15467.0,At-Risk,0.44948485
15469.0,At-Risk,0.4721947
15472.0,At-Risk,0.480318
15480.0,At-Risk,0.47080755
15482.0,Loyal Core,0.18590675
15483.0,At-Risk,0.5525329
15485.0,At-Risk,0.59903723
15489.0,At-Risk,0.5147847
15491.0,At-Risk,0.16405411
15493.0,At-Risk,0.24560508
15494.0,At-Risk,0.47520116
15497.0,At-Risk,0.70392627
15498.0,Loyal Core,0.019560955
15502.0,Loyal Core,0.0869709
15503.0,At-Risk,0.62894756
15505.0,At-Risk,0.3317171
15506.0,At-Risk,0.5186724
15507.0,At-Risk,0.50145084
15508.0,At-Risk,0.27894798
15510.0,At-Risk,0.6603813
15512.0,At-Risk,0.58257335
15513.0,Loyal Core,0.017989626
15514.0,At-Risk,0.2060372
15517.0,At-Risk,0.6171225
15518.0,At-Risk,0.03129983
15521.0,At-Risk,0.1200973
15525.0,At-Risk,0.635006
15527.0,At-Risk,0.14882793
15528.0,At-Risk,0.6171225
15529.0,At-Risk,0.03677971
15530.0,At-Risk,0.23727259
15532.0,At-Risk,0.23171724
15535.0,At-Risk,0.37614948
15537.0,At-Risk,0.5873151
15541.0,At-Risk,0.5994852
15543.0,At-Risk,0.6743071
15544.0,At-Risk,0.02219728
15545.0,At-Risk,0.63796973
15547.0,At-Risk,0.03550607
15549.0,At-Risk,0.31579825
15550.0,At-Risk,0.4081254
15552.0,At-Risk,0.66103005
15554.0,At-Risk,0.6444451
15555.0,Loyal Core,0.033023134
15561.0,At-Risk,0.3512558
15562.0,At-Risk,0.68480426
15563.0,At-Risk,0.41818246
15569.0,At-Risk,0.17447738
15570.0,At-Risk,0.035780177
15572.0,At-Risk,0.21869522
15574.0,At-Risk,0.32163614
15577.0,At-Risk,0.40696174
15578.0,At-Risk,0.5873151
15579.0,At-Risk,0.66194034
15581.0,At-Risk,0.019560955
15582.0,At-Risk,0.41865087
15584.0,At-Risk,0.5873151
15585.0,At-Risk,0.50034213
15587.0,At-Risk,0.32693434
15589.0,At-Risk,0.41566786
15594.0,At-Risk,0.6171225
15596.0,At-Risk,0.41801724
15599.0,At-Risk,0.5147847
15601.0,Loyal Core,0.022501092
15602.0,At-Risk,0.28388193
15605.0,At-Risk,0.3886897
15606.0,At-Risk,0.02511654
15607.0,At-Risk,0.68480426
15608.0,At-Risk,0.4721947
15609.0,At-Risk,0.4965459
15611.0,At-Risk,0.048197884
15615.0,Loyal Core,0.022742825
15618.0,At-Risk,0.47340345
15620.0,At-Risk,0.43222594
15622.0,At-Risk,0.34107777
15623.0,At-Risk,0.44948485
15624.0,At-Risk,0.32482383
15625.0,At-Risk,0.2892681
15626.0,At-Risk,0.6603813
15628.0,At-Risk,0.15840986
15630.0,At-Risk,0.5147847
15632.0,At-Risk,0.07889559
15636.0,At-Risk,0.6489699
15639.0,At-Risk,0.47703993
15640.0,Loyal Core,0.02341976
15641.0,At-Risk,0.30568027
15643.0,At-Risk,0.36447844
15644.0,At-Risk,0.30059013
15646.0,At-Risk,0.48413953
15648.0,At-Risk,0.3995721
15649.0,At-Risk,0.60065013
15651.0,At-Risk,0.6171225
15653.0,At-Risk,0.6027231
15655.0,At-Risk,0.6217909
15656.0,At-Risk,0.30141106
15658.0,At-Risk,0.35206816
15660.0,At-Risk,0.11618803
15661.0,At-Risk,0.66457224
15663.0,At-Risk,0.6161036
15665.0,At-Risk,0.28731227
15668.0,At-Risk,0.7277728
15669.0,At-Risk,0.36410248
15670.0,At-Risk,0.63816386
15671.0,At-Risk,0.24650156
15673.0,At-Risk,0.28081122
15674.0,At-Risk,0.39889786
15675.0,At-Risk,0.3911211
15676.0,At-Risk,0.6269761
15679.0,At-Risk,0.38064587
15680.0,At-Risk,0.6181021
15681.0,At-Risk,0.2744353
15683.0,At-Risk,0.5361269
15687.0,At-Risk,0.12689121
15689.0,At-Risk,0.471824
15690.0,At-Risk,0.3157211
15691.0,At-Risk,0.6694181
15694.0,Loyal Core,0.12670667
15695.0,At-Risk,0.6969847
15696.0,At-Risk,0.31005913
15700.0,At-Risk,0.518537
15701.0,At-Risk,0.47080755
15703.0,At-Risk,0.6650502
15704.0,At-Risk,0.31888348
15705.0,At-Risk,0.55980414
15706.0,At-Risk,0.480318
15708.0,At-Risk,0.056575947
15709.0,At-Risk,0.67659265
15712.0,At-Risk,0.286655
15713.0,At-Risk,0.41102397
15716.0,At-Risk,0.23776576
15717.0,At-Risk,0.6694181
15719.0,At-Risk,0.030773912
15722.0,At-Risk,0.29565036
15723.0,At-Risk,0.60270745
15724.0,At-Risk,0.42764443
15727.0,At-Risk,0.06518848
15729.0,At-Risk,0.5791547
15730.0,At-Risk,0.5147847
15732.0,At-Risk,0.42564887
15733.0,At-Risk,0.6518569
15734.0,At-Risk,0.3291915
15737.0,At-Risk,0.1532183
15738.0,Loyal Core,0.02335154
15743.0,At-Risk,0.3530834
15745.0,At-Risk,0.6217909
15746.0,At-Risk,0.53285855
15747.0,At-Risk,0.3704658
15749.0,Loyal Core,0.3685816
15750.0,At-Risk,0.28679264
15752.0,At-Risk,0.18216139
15753.0,At-Risk,0.7405501
15754.0,At-Risk,0.6694181
15755.0,At-Risk,0.32762548
15756.0,At-Risk,0.5247758
15757.0,At-Risk,0.60818416
15759.0,At-Risk,0.52212226
15764.0,At-Risk,0.07360046
15768.0,At-Risk,0.36371773
15769.0,Loyal Core,0.028616626
15775.0,At-Risk,0.6694181
15776.0,At-Risk,0.47703993
15777.0,At-Risk,0.30877867
15780.0,At-Risk,0.45971695
15781.0,At-Risk,0.43869776
15785.0,At-Risk,0.2673852
15786.0,At-Risk,0.48919785
15789.0,At-Risk,0.64328325
15791.0,At-Risk,0.48839408
15793.0,At-Risk,0.6489699
15795.0,At-Risk,0.43424213
15796.0,At-Risk,0.08400652
15797.0,At-Risk,0.24713464
15799.0,At-Risk,0.39437667
15800.0,At-Risk,0.40389633
15801.0,At-Risk,0.5478347
15802.0,At-Risk,0.44948485
15804.0,At-Risk,0.23608357
15805.0,Loyal Core,0.0229879
15806.0,At-Risk,0.35300326
15808.0,At-Risk,0.47045818
15809.0,At-Risk,0.4527457
15810.0,At-Risk,0.29519197
15811.0,At-Risk,0.19800831
15812.0,At-Risk,0.15630668
15813.0,At-Risk,0.38758904
15815.0,At-Risk,0.25277188
15819.0,At-Risk,0.266717
15820.0,At-Risk,0.67039514
15822.0,At-Risk,0.6181021
15823.0,At-Risk,0.6263672
15825.0,At-Risk,0.49490535
15826.0,At-Risk,0.50161797
15827.0,At-Risk,0.020665623
15829.0,At-Risk,0.44948485
15831.0,At-Risk,0.3407344
15832.0,At-Risk,0.5883071
15834.0,At-Risk,0.2921385
15835.0,At-Risk,0.28284985
15838.0,Loyal Core,0.024011696
15839.0,At-Risk,0.44948485
15840.0,At-Risk,0.50034213
15841.0,At-Risk,0.45971444
15843.0,At-Risk,0.6863044
15845.0,At-Risk,0.07481975
15847.0,At-Risk,0.6225338
15850.0,At-Risk,0.5873151
15852.0,At-Risk,0.61856407
15854.0,At-Risk,0.022281714
15855.0,At-Risk,0.16945034
15856.0,Loyal Core,0.02866441
15858.0,At-Risk,0.4346521
15860.0,At-Risk,0.18859039
15861.0,At-Risk,0.266717
15862.0,At-Risk,0.3112104
15863.0,At-Risk,0.562733
15864.0,At-Risk,0.37156975
15865.0,At-Risk,0.5147847
15866.0,At-Risk,0.26857126
15867.0,At-Risk,0.022918824
15869.0,At-Risk,0.67659265
15874.0,At-Risk,0.352766
15880.0,At-Risk,0.6181021
15881.0,At-Risk,0.62091017
15882.0,At-Risk,0.40894887
15885.0,At-Risk,0.6587995
15889.0,At-Risk,0.37548643
15891.0,At-Risk,0.6217909
15894.0,At-Risk,0.45479962
15895.0,At-Risk,0.516979
15897.0,At-Risk,0.5365514
15898.0,At-Risk,0.31430373
15899.0,At-Risk,0.6834151
15901.0,At-Risk,0.58177453
15903.0,At-Risk,0.5034955
15906.0,At-Risk,0.27581048
15907.0,At-Risk,0.3508449
15909.0,At-Risk,0.5675993
15910.0,At-Risk,0.35337222
15912.0,At-Risk,0.4118022
15916.0,At-Risk,0.24864978
15917.0,At-Risk,0.6694181
15918.0,At-Risk,0.426187
15919.0,At-Risk,0.60270745
15920.0,At-Risk,0.69268996
15921.0,At-Risk,0.50034213
15922.0,At-Risk,0.635006
15923.0,At-Risk,0.63796973
15925.0,At-Risk,0.58119434
15932.0,At-Risk,0.08434765
15935.0,At-Risk,0.6217909
15938.0,At-Risk,0.49275067
15939.0,At-Risk,0.026442127
15940.0,At-Risk,0.6587995
15942.0,At-Risk,0.47703993
15944.0,At-Risk,0.65913707
15945.0,At-Risk,0.60270745
15950.0,At-Risk,0.22219937
15951.0,At-Risk,0.6198843
15952.0,At-Risk,0.48772094
15953.0,At-Risk,0.30727014
15955.0,At-Risk,0.023421893
15965.0,At-Risk,0.60270745
15967.0,At-Risk,0.66194034
15969.0,At-Risk,0.4965459
15970.0,At-Risk,0.7014912
15971.0,At-Risk,0.039108366
15973.0,At-Risk,0.6181021
15974.0,At-Risk,0.08128083
15976.0,At-Risk,0.37156647
15980.0,At-Risk,0.5883071
15981.0,At-Risk,0.0794621
15983.0,At-Risk,0.49981946
15984.0,At-Risk,0.045154985
15985.0,At-Risk,0.32937077
15987.0,At-Risk,0.067190036
15990.0,At-Risk,0.6322233
15996.0,At-Risk,0.16275433
15998.0,At-Risk,0.26478294
16003.0,At-Risk,0.19846468
16005.0,At-Risk,0.3970987
16006.0,At-Risk,0.5791547
16007.0,At-Risk,0.34686208
16008.0,At-Risk,0.55980414
16009.0,At-Risk,0.52053404
16010.0,At-Risk,0.49115667
16011.0,At-Risk,0.023750667
16012.0,At-Risk,0.3318283
16013.0,Loyal Core,0.019560955
16014.0,At-Risk,0.36954743
16016.0,At-Risk,0.31576395
16018.0,At-Risk,0.5638687
16019.0,At-Risk,0.037112292
16022.0,At-Risk,0.6217909
16023.0,At-Risk,0.426187
16027.0,At-Risk,0.100088865
16029.0,Loyal Core,0.017989626
16030.0,At-Risk,0.7014912
16031.0,At-Risk,0.6217909
16033.0,Loyal Core,0.017654467
16034.0,At-Risk,0.48118535
16036.0,At-Risk,0.6650502
16037.0,At-Risk,0.40942958
16038.0,At-Risk,0.47776785
16040.0,At-Risk,0.2784782
16041.0,At-Risk,0.51573575
16042.0,At-Risk,0.26577276
16043.0,At-Risk,0.3715936
16045.0,At-Risk,0.2765401
16048.0,At-Risk,0.6198739
16050.0,At-Risk,0.5675993
16053.0,At-Risk,0.47520116
16054.0,At-Risk,0.4541326
16055.0,At-Risk,0.6694181
16057.0,At-Risk,0.34130174
16059.0,At-Risk,0.2832427
16062.0,At-Risk,0.26813278
16063.0,At-Risk,0.6217909
16065.0,At-Risk,0.6181021
16066.0,At-Risk,0.47703993
16072.0,At-Risk,0.6322233
16073.0,At-Risk,0.67578495
16076.0,At-Risk,0.30417463
16078.0,At-Risk,0.7414695
16080.0,At-Risk,0.67659265
16081.0,At-Risk,0.2804144
16083.0,At-Risk,0.24896137
16084.0,At-Risk,0.66713333
16085.0,At-Risk,0.49624413
16086.0,At-Risk,0.3959133
16091.0,At-Risk,0.42903274
16092.0,At-Risk,0.2927311
16093.0,At-Risk,0.62698555
16094.0,At-Risk,0.6103294
16096.0,At-Risk,0.6969847
16097.0,At-Risk,0.64442194
16098.0,At-Risk,0.068400115
16099.0,At-Risk,0.3243889
16102.0,At-Risk,0.46753603
16103.0,At-Risk,0.21818163
16105.0,At-Risk,0.6217909
16107.0,At-Risk,0.28989968
16109.0,At-Risk,0.46195847
16110.0,At-Risk,0.48105383
16112.0,At-Risk,0.5463197
16113.0,At-Risk,0.5638687
16114.0,At-Risk,0.5675993
16115.0,At-Risk,0.10286366
16116.0,At-Risk,0.5147847
16117.0,At-Risk,0.5071248
16121.0,At-Risk,0.59386533
16122.0,At-Risk,0.30130845
16124.0,At-Risk,0.66194034
16125.0,At-Risk,0.60270745
16126.0,At-Risk,0.2008099
16128.0,At-Risk,0.30707863
16131.0,At-Risk,0.18090418
16133.0,Loyal Core,0.03242447
16134.0,At-Risk,0.60270745
16135.0,At-Risk,0.6217909
16136.0,At-Risk,0.6518569
16139.0,At-Risk,0.36454165
16140.0,At-Risk,0.63796973
16142.0,At-Risk,0.6217909
16143.0,At-Risk,0.17219183
16144.0,At-Risk,0.64442194
16145.0,At-Risk,0.028030487
16146.0,At-Risk,0.44141787
16147.0,At-Risk,0.47703993
16148.0,At-Risk,0.74435246
16149.0,At-Risk,0.516979
16150.0,At-Risk,0.26969334
16152.0,At-Risk,0.6329403
16153.0,At-Risk,0.1836448
16156.0,At-Risk,0.12085623
16159.0,At-Risk,0.65913707
16161.0,Loyal Core,0.023440259
16162.0,At-Risk,0.7221675
16163.0,At-Risk,0.43222594
16168.0,Loyal Core,0.029508589
16170.0,At-Risk,0.15059367
16172.0,At-Risk,0.2558273
16174.0,At-Risk,0.39543772
16175.0,At-Risk,0.33248973
16178.0,At-Risk,0.5186724
16180.0,At-Risk,0.24632749
16182.0,At-Risk,0.20439476
16184.0,At-Risk,0.17538771
16185.0,At-Risk,0.6217909
16186.0,At-Risk,0.029216846
16187.0,Loyal Core,0.033055324
16188.0,At-Risk,0.26287287
16191.0,At-Risk,0.3298884
16193.0,At-Risk,0.6217909
16200.0,At-Risk,0.515104
16201.0,At-Risk,0.480318
16202.0,At-Risk,0.6181021
16203.0,At-Risk,0.47481608
16205.0,At-Risk,0.5638687
16206.0,At-Risk,0.4339148
16208.0,At-Risk,0.6322233
16209.0,At-Risk,0.20430072
16210.0,Loyal Core,0.041744478
16212.0,At-Risk,0.65913707
16214.0,At-Risk,0.266363
16216.0,At-Risk,0.6360844
16217.0,At-Risk,0.49859923
16218.0,At-Risk,0.058672234
16221.0,At-Risk,0.5031269
16222.0,At-Risk,0.69405514
16224.0,At-Risk,0.26288632
16225.0,At-Risk,0.23094912
16226.0,At-Risk,0.5861707
16227.0,At-Risk,0.6217909
16229.0,At-Risk,0.5147847
16230.0,At-Risk,0.3529
16232.0,At-Risk,0.27417818
16233.0,At-Risk,0.60555494
16235.0,At-Risk,0.28720525
16239.0,At-Risk,0.4965459
16241.0,At-Risk,0.023750667
16242.0,At-Risk,0.29200703
16244.0,At-Risk,0.39949653
16245.0,At-Risk,0.33423138
16247.0,At-Risk,0.5675993
16249.0,At-Risk,0.2813835
16250.0,At-Risk,0.45971444
16253.0,At-Risk,0.59448963
16255.0,At-Risk,0.06144427
16256.0,At-Risk,0.66658837
16257.0,At-Risk,0.6404603
16258.0,At-Risk,0.23734592
16261.0,At-Risk,0.40818015
16265.0,At-Risk,0.021785473
16266.0,At-Risk,0.16600941
16270.0,At-Risk,0.697996
16271.0,At-Risk,0.22297354
16272.0,At-Risk,0.480318
16274.0,At-Risk,0.635006
16275.0,At-Risk,0.5365514
16276.0,At-Risk,0.47198987
16278.0,At-Risk,0.37629387
16279.0,At-Risk,0.50034213
16282.0,At-Risk,0.6603813
16283.0,At-Risk,0.30045226
16287.0,At-Risk,0.5873151
16292.0,At-Risk,0.4721947
16293.0,At-Risk,0.31274283
16297.0,At-Risk,0.6489699
16298.0,At-Risk,0.5638687
16302.0,At-Risk,0.48760578
16303.0,At-Risk,0.15097788
16305.0,At-Risk,0.46286747
16306.0,At-Risk,0.33466974
16308.0,At-Risk,0.30999455
16309.0,At-Risk,0.4123021
16315.0,At-Risk,0.6603813
16316.0,At-Risk,0.120649844
16317.0,At-Risk,0.2619873
16319.0,At-Risk,0.61289316
16320.0,At-Risk,0.349795
16321.0,At-Risk,0.6644981
16323.0,At-Risk,0.58119434
16324.0,At-Risk,0.3559093
16325.0,At-Risk,0.37156647
16326.0,At-Risk,0.03129983
16327.0,At-Risk,0.2901101
16330.0,At-Risk,0.55048656
16332.0,At-Risk,0.29364473
16333.0,Loyal Core,0.028173408
16338.0,At-Risk,0.575838
16339.0,At-Risk,0.66262656
16340.0,At-Risk,0.5313592
16341.0,At-Risk,0.48200342
16342.0,At-Risk,0.44165668
16344.0,At-Risk,0.6374404
16348.0,At-Risk,0.26976183
16349.0,At-Risk,0.7303105
16350.0,At-Risk,0.70003194
16351.0,At-Risk,0.68480426
16353.0,Loyal Core,0.028145831
16356.0,At-Risk,0.5577335
16357.0,At-Risk,0.42929763
16358.0,At-Risk,0.4965459
16359.0,At-Risk,0.12689121
16364.0,At-Risk,0.46286747
16365.0,At-Risk,0.03700637
16367.0,At-Risk,0.60270745
16369.0,At-Risk,0.5365514
16370.0,At-Risk,0.27514163
16374.0,At-Risk,0.64442194
16377.0,At-Risk,0.6560882
16378.0,At-Risk,0.5112762
16383.0,At-Risk,0.65913707
16384.0,At-Risk,0.6969847
16385.0,At-Risk,0.49660748
16386.0,At-Risk,0.7221675
16387.0,At-Risk,0.7155324
16389.0,At-Risk,0.3995721
16392.0,At-Risk,0.6444451
16393.0,At-Risk,0.022531416
16394.0,At-Risk,0.27558464
16395.0,At-Risk,0.30124277
16398.0,At-Risk,0.3739384
16399.0,At-Risk,0.64442194
16401.0,At-Risk,0.029645734
16402.0,At-Risk,0.5414627
16403.0,At-Risk,0.66194034
16405.0,At-Risk,0.66194034
16407.0,At-Risk,0.034686815
16409.0,At-Risk,0.257649
16411.0,At-Risk,0.6211211
16414.0,At-Risk,0.7286613
16418.0,At-Risk,0.6694181
16419.0,At-Risk,0.107132845
16422.0,Loyal Core,0.017654467
16424.0,At-Risk,0.58119434
16425.0,At-Risk,0.691997
16426.0,At-Risk,0.65913707
16427.0,At-Risk,0.65688944
16429.0,At-Risk,0.55041504
16431.0,At-Risk,0.35938147
16434.0,At-Risk,0.3813767
16440.0,At-Risk,0.59386533
16441.0,At-Risk,0.6225338
16442.0,At-Risk,0.47126758
16444.0,At-Risk,0.426187
16447.0,At-Risk,0.47703993
16448.0,At-Risk,0.58119434
16449.0,At-Risk,0.40911058
16450.0,At-Risk,0.44948485
16455.0,At-Risk,0.22544894
16456.0,At-Risk,0.36590278
16457.0,At-Risk,0.63782895
16458.0,Loyal Core,0.033644143
16461.0,At-Risk,0.5675993
16462.0,At-Risk,0.49121198
16463.0,At-Risk,0.5147847
16464.0,At-Risk,0.44948485
16466.0,At-Risk,0.118142165
16469.0,At-Risk,0.6171225
16470.0,At-Risk,0.3138351
16471.0,At-Risk,0.6444451
16473.0,At-Risk,0.575671
16474.0,At-Risk,0.44948485
16475.0,At-Risk,0.34108394
16477.0,At-Risk,0.09764887
16483.0,At-Risk,0.58119434
16484.0,At-Risk,0.4845215
16488.0,At-Risk,0.3565596
16493.0,At-Risk,0.2737853
16494.0,At-Risk,0.6592572
16495.0,At-Risk,0.6444451
16496.0,At-Risk,0.3900647
16497.0,At-Risk,0.22544894
16498.0,At-Risk,0.6374404
16499.0,At-Risk,0.6181021
16500.0,At-Risk,0.6603813
16503.0,At-Risk,0.2970383
16509.0,At-Risk,0.66713333
16510.0,At-Risk,0.6198739
16511.0,At-Risk,0.29567394
16515.0,At-Risk,0.2425264
16517.0,At-Risk,0.6518569
16518.0,At-Risk,0.61007017
16519.0,At-Risk,0.6211211
16520.0,At-Risk,0.2837938
16523.0,Loyal Core,0.034290686
16525.0,Loyal Core,0.019560955
16526.0,At-Risk,0.50034213
16529.0,At-Risk,0.5365514
16531.0,At-Risk,0.2745108
16532.0,At-Risk,0.15095362
16536.0,At-Risk,0.4869422
16539.0,At-Risk,0.37408337
16545.0,At-Risk,0.52053404
16546.0,At-Risk,0.4346521
16549.0,At-Risk,0.18450704
16550.0,At-Risk,0.09689803
16551.0,At-Risk,0.22278254
16552.0,At-Risk,0.47126758
16553.0,At-Risk,0.27901962
16554.0,At-Risk,0.45971444
16555.0,At-Risk,0.5478347
16556.0,At-Risk,0.07295695
16557.0,At-Risk,0.5825585
16558.0,Loyal Core,0.018790752
16560.0,At-Risk,0.64328325
16565.0,At-Risk,0.60270745
16566.0,At-Risk,0.35012248
16567.0,At-Risk,0.3970577
16570.0,At-Risk,0.08612
16571.0,At-Risk,0.3163241
16572.0,At-Risk,0.2511613
16573.0,At-Risk,0.6170453
16581.0,At-Risk,0.57640636
16582.0,At-Risk,0.480318
16583.0,At-Risk,0.6198739
16584.0,At-Risk,0.6217909
16586.0,At-Risk,0.6217909
16587.0,At-Risk,0.6171225
16589.0,At-Risk,0.46804982
16592.0,At-Risk,0.035999715
16593.0,At-Risk,0.36994624
16596.0,At-Risk,0.6211211
16598.0,At-Risk,0.66262656
16600.0,At-Risk,0.45479962
16607.0,At-Risk,0.037579376
16609.0,At-Risk,0.14316377
16610.0,At-Risk,0.7295544
16611.0,At-Risk,0.5638687
16612.0,At-Risk,0.24013136
16614.0,At-Risk,0.49765465
16616.0,At-Risk,0.575838
16617.0,At-Risk,0.6694181
16618.0,At-Risk,0.32324713
16619.0,At-Risk,0.69278586
16620.0,At-Risk,0.6694181
16621.0,At-Risk,0.32850808
16623.0,At-Risk,0.6694181
16624.0,At-Risk,0.5365514
16625.0,At-Risk,0.65913707
16626.0,Loyal Core,0.03552027
16628.0,At-Risk,0.25796545
16633.0,At-Risk,0.28027362
16634.0,At-Risk,0.47769016
16637.0,At-Risk,0.33698148
16638.0,At-Risk,0.04578564
16639.0,At-Risk,0.41937864
16641.0,At-Risk,0.26857126
16642.0,At-Risk,0.5147847
16643.0,At-Risk,0.6217909
16644.0,At-Risk,0.3791299
16647.0,At-Risk,0.5420593
16652.0,At-Risk,0.08002043
16654.0,At-Risk,0.3700698
16655.0,At-Risk,0.22799829
16656.0,Loyal Core,0.022675592
16657.0,At-Risk,0.31267938
16658.0,At-Risk,0.6211211
16659.0,At-Risk,0.6404603
16660.0,At-Risk,0.42529273
16665.0,At-Risk,0.62894756
16667.0,At-Risk,0.61007017
16668.0,At-Risk,0.18965812
16670.0,At-Risk,0.025665263
16671.0,At-Risk,0.46053323
16672.0,Loyal Core,0.028173408
16676.0,At-Risk,0.35565788
16678.0,At-Risk,0.04100453
16679.0,At-Risk,0.6211211
16681.0,At-Risk,0.25331226
16682.0,At-Risk,0.29572907
16684.0,Loyal Core,0.025991945
16686.0,At-Risk,0.15784322
16690.0,At-Risk,0.5791547
16692.0,At-Risk,0.4656203
16693.0,At-Risk,0.6518569
16696.0,At-Risk,0.36095494
16697.0,At-Risk,0.6694181
16698.0,At-Risk,0.47078568
16700.0,At-Risk,0.021785473
16701.0,At-Risk,0.022486262
16705.0,Loyal Core,0.03247286
16706.0,At-Risk,0.480318
16709.0,At-Risk,0.28771752
16710.0,At-Risk,0.038104355
16711.0,At-Risk,0.23924775
16712.0,At-Risk,0.038194053
16713.0,Loyal Core,0.022083778
16714.0,At-Risk,0.35892126
16716.0,At-Risk,0.56377006
16717.0,At-Risk,0.20140758
16718.0,At-Risk,0.6181021
16719.0,At-Risk,0.14882793
16721.0,At-Risk,0.6171225
16722.0,At-Risk,0.019936398
16723.0,At-Risk,0.5247487
16725.0,At-Risk,0.40108502
16726.0,At-Risk,0.31576395
16727.0,At-Risk,0.60270745
16728.0,At-Risk,0.30321318
16729.0,Loyal Core,0.16703194
16730.0,At-Risk,0.47090456
16734.0,At-Risk,0.480318
16735.0,At-Risk,0.43304715
16738.0,At-Risk,0.66325516
16739.0,At-Risk,0.50034213
16743.0,At-Risk,0.07748731
16744.0,At-Risk,0.32437393
16745.0,Loyal Core,0.028173408
16746.0,Loyal Core,0.03499833
16748.0,At-Risk,0.36811224
16750.0,At-Risk,0.35636446
16752.0,At-Risk,0.6198739
16754.0,At-Risk,0.63276035
16755.0,At-Risk,0.24933201
16756.0,At-Risk,0.59386533
16757.0,At-Risk,0.6863044
16762.0,At-Risk,0.44948485
16763.0,At-Risk,0.5365514
16764.0,At-Risk,0.42438835
16765.0,At-Risk,0.66174877
16766.0,At-Risk,0.6329403
16767.0,At-Risk,0.07799524
16768.0,At-Risk,0.42638108
16769.0,At-Risk,0.6217909
16770.0,At-Risk,0.33697265
16771.0,At-Risk,0.40938732
16774.0,At-Risk,0.31301695
16775.0,At-Risk,0.041364484
16777.0,At-Risk,0.64442194
16778.0,At-Risk,0.67659265
16779.0,Loyal Core,0.017654467
16780.0,At-Risk,0.4361974
16781.0,At-Risk,0.635006
16782.0,At-Risk,0.038104355
16788.0,At-Risk,0.35318464
16791.0,At-Risk,0.16066965
16792.0,At-Risk,0.67659265
16794.0,At-Risk,0.3599375
16795.0,At-Risk,0.6181021
16801.0,At-Risk,0.30768767
16804.0,At-Risk,0.67659265
16805.0,At-Risk,0.40799066
16806.0,At-Risk,0.33831635
16807.0,At-Risk,0.26317814
16808.0,At-Risk,0.6518569
16809.0,At-Risk,0.37879092
16810.0,At-Risk,0.5365514
16812.0,At-Risk,0.6181021
16813.0,At-Risk,0.16789012
16814.0,Loyal Core,0.019562753
16816.0,At-Risk,0.55625534
16817.0,At-Risk,0.1165761
16818.0,At-Risk,0.21280514
16823.0,At-Risk,0.6217909
16824.0,At-Risk,0.5310849
16825.0,At-Risk,0.4965459
16828.0,At-Risk,0.5478347
16829.0,At-Risk,0.575838
16832.0,At-Risk,0.6716687
16833.0,At-Risk,0.36566645
16834.0,At-Risk,0.6217909
16835.0,At-Risk,0.6001506
16836.0,At-Risk,0.5994852
16837.0,At-Risk,0.33782417
16838.0,At-Risk,0.426187
16839.0,Loyal Core,0.019560955
16841.0,At-Risk,0.09394228
16842.0,At-Risk,0.3357026
16843.0,Loyal Core,0.03201926
16849.0,At-Risk,0.5638687
16850.0,At-Risk,0.70003194
16852.0,At-Risk,0.5675993
16858.0,At-Risk,0.6181021
16859.0,At-Risk,0.32905105
16861.0,At-Risk,0.6929519
16863.0,At-Risk,0.60270745
16866.0,At-Risk,0.52188814
16869.0,At-Risk,0.52053404
16871.0,At-Risk,0.3603802
16872.0,At-Risk,0.41606715
16873.0,At-Risk,0.13547868
16875.0,At-Risk,0.23026562
16877.0,At-Risk,0.48551798
16880.0,At-Risk,0.1599334
16882.0,At-Risk,0.49712026
16883.0,At-Risk,0.46208385
16885.0,At-Risk,0.6282934
16889.0,At-Risk,0.36478496
16891.0,At-Risk,0.25037464
16892.0,At-Risk,0.57640636
16893.0,At-Risk,0.6211211
16897.0,At-Risk,0.6526044
16898.0,At-Risk,0.28591472
16899.0,At-Risk,0.33905706
16902.0,At-Risk,0.4833288
16904.0,At-Risk,0.01695803
16905.0,At-Risk,0.36811224
16906.0,At-Risk,0.39574978
16907.0,At-Risk,0.28341815
16912.0,At-Risk,0.038660046
16913.0,At-Risk,0.6743071
16915.0,At-Risk,0.35317475
16916.0,At-Risk,0.6198739
16917.0,At-Risk,0.65913707
16918.0,At-Risk,0.3632003
16919.0,At-Risk,0.21553907
16923.0,Loyal Core,0.033932686
16926.0,At-Risk,0.6198739
16927.0,At-Risk,0.30130845
16928.0,At-Risk,0.0363293
16929.0,At-Risk,0.34912327
16931.0,Loyal Core,0.028145831
16933.0,At-Risk,0.6171225
16938.0,At-Risk,0.1947562
16940.0,At-Risk,0.26586884
16942.0,At-Risk,0.19485572
16943.0,At-Risk,0.35140088
16945.0,Loyal Core,0.028783001
16947.0,At-Risk,0.6217909
16948.0,At-Risk,0.3235574
16949.0,At-Risk,0.2419236
16950.0,At-Risk,0.16426173
16951.0,At-Risk,0.27983025
16952.0,At-Risk,0.5478347
16954.0,At-Risk,0.2584347
16955.0,At-Risk,0.38458943
16957.0,At-Risk,0.49859923
16960.0,At-Risk,0.64442194
16961.0,At-Risk,0.4908882
16963.0,At-Risk,0.5638687
16965.0,At-Risk,0.64442194
16966.0,At-Risk,0.30914637
16967.0,At-Risk,0.4965459
16968.0,At-Risk,0.5247487
16969.0,At-Risk,0.45966184
16976.0,At-Risk,0.6568495
16979.0,At-Risk,0.31082204
16980.0,At-Risk,0.4656203
16983.0,At-Risk,0.26712722
16984.0,At-Risk,0.4859159
16985.0,At-Risk,0.15737727
16987.0,At-Risk,0.41132706
16989.0,At-Risk,0.4541326
16990.0,At-Risk,0.63782895
16992.0,At-Risk,0.40911058
16996.0,At-Risk,0.16342312
16997.0,At-Risk,0.49543634
16998.0,At-Risk,0.45246828
17001.0,At-Risk,0.027367786
17002.0,At-Risk,0.4059333
17007.0,At-Risk,0.2504159
17015.0,At-Risk,0.4911098
17017.0,Loyal Core,0.20889129
17018.0,At-Risk,0.70003194
17019.0,At-Risk,0.37018454
17024.0,At-Risk,0.58250743
17025.0,At-Risk,0.6198739
17026.0,At-Risk,0.53086174
17027.0,At-Risk,0.27553725
17029.0,At-Risk,0.3566265
17031.0,At-Risk,0.5253995
17033.0,At-Risk,0.45150825
17034.0,At-Risk,0.6743071
17035.0,At-Risk,0.51666045
17040.0,At-Risk,0.46286747
17041.0,At-Risk,0.26236534
17042.0,At-Risk,0.2697755
17043.0,At-Risk,0.3854791
17045.0,At-Risk,0.41936263
17046.0,At-Risk,0.53347033
17047.0,At-Risk,0.50161797
17048.0,At-Risk,0.31733033
17049.0,At-Risk,0.08002043
17050.0,At-Risk,0.11076914
17051.0,At-Risk,0.5365514
17053.0,At-Risk,0.4836611
17054.0,At-Risk,0.2647106
17058.0,At-Risk,0.39092195
17059.0,At-Risk,0.13836025
17060.0,At-Risk,0.69278586
17061.0,At-Risk,0.19124052
17062.0,At-Risk,0.65683895
17063.0,At-Risk,0.28380504
17064.0,At-Risk,0.34315327
17068.0,Loyal Core,0.018790752
17069.0,At-Risk,0.16271241
17070.0,At-Risk,0.480318
17071.0,At-Risk,0.08283072
17073.0,At-Risk,0.480318
17075.0,At-Risk,0.3672821
17076.0,At-Risk,0.5031269
17080.0,At-Risk,0.7414695
17082.0,At-Risk,0.69034326
17083.0,At-Risk,0.2779646
17085.0,At-Risk,0.16342312
17088.0,At-Risk,0.33966905
17090.0,At-Risk,0.3886897
17091.0,At-Risk,0.071941026
17092.0,At-Risk,0.3560029
17094.0,At-Risk,0.7209103
17095.0,At-Risk,0.5601256
17096.0,At-Risk,0.31267938
17097.0,At-Risk,0.2589801
17101.0,At-Risk,0.5071248
17102.0,At-Risk,0.6525206
17105.0,At-Risk,0.36547184
17107.0,At-Risk,0.21495348
17109.0,At-Risk,0.6217909
17110.0,At-Risk,0.5873151
17114.0,At-Risk,0.14169647
17115.0,At-Risk,0.3529
17117.0,At-Risk,0.6743071
17118.0,At-Risk,0.66194034
17120.0,At-Risk,0.6217909
17122.0,At-Risk,0.5478347
17123.0,At-Risk,0.52053404
17124.0,At-Risk,0.4965459
17126.0,At-Risk,0.17325132
17128.0,At-Risk,0.6603813
17133.0,At-Risk,0.31755716
17134.0,At-Risk,0.53189355
17135.0,At-Risk,0.47373012
17138.0,At-Risk,0.65913707
17139.0,Loyal Core,0.03261376
17140.0,At-Risk,0.6217909
17142.0,At-Risk,0.6217909
17146.0,At-Risk,0.35053077
17147.0,At-Risk,0.3865934
17152.0,At-Risk,0.36960343
17155.0,At-Risk,0.5675993
17157.0,At-Risk,0.5675993
17158.0,At-Risk,0.45381343
17159.0,At-Risk,0.49490535
17160.0,At-Risk,0.14409955
17162.0,At-Risk,0.0421692
17164.0,At-Risk,0.29732457
17165.0,At-Risk,0.6243274
17166.0,At-Risk,0.55980414
17169.0,At-Risk,0.4965459
17171.0,At-Risk,0.6170453
17173.0,At-Risk,0.44497448
17174.0,At-Risk,0.71454716
17175.0,At-Risk,0.21679418
17176.0,At-Risk,0.5147847
17179.0,At-Risk,0.29584712
17180.0,At-Risk,0.38374645
17181.0,At-Risk,0.6198739
17183.0,At-Risk,0.26034015
17187.0,At-Risk,0.64442194
17188.0,At-Risk,0.12351745
17189.0,At-Risk,0.53065056
17190.0,At-Risk,0.55980414
17191.0,At-Risk,0.265428
17193.0,At-Risk,0.50034213
17194.0,At-Risk,0.4869447
17198.0,At-Risk,0.6181021
17204.0,At-Risk,0.28910854
17211.0,At-Risk,0.12689121
17212.0,At-Risk,0.6171225
17213.0,At-Risk,0.09236917
17214.0,At-Risk,0.37012377
17217.0,At-Risk,0.6694181
17218.0,At-Risk,0.21478644
17220.0,At-Risk,0.023750667
17223.0,At-Risk,0.60555494
17226.0,At-Risk,0.7014912
17227.0,At-Risk,0.40462157
17228.0,At-Risk,0.3353542
17229.0,At-Risk,0.516979
17230.0,At-Risk,0.56929797
17231.0,At-Risk,0.040245555
17234.0,At-Risk,0.5638687
17235.0,At-Risk,0.635006
17236.0,At-Risk,0.16087958
17238.0,Loyal Core,0.0258125
17239.0,At-Risk,0.7014912
17242.0,At-Risk,0.37504065
17243.0,Loyal Core,0.018790752
17245.0,At-Risk,0.55980414
17248.0,At-Risk,0.4721947
17250.0,At-Risk,0.64442194
17251.0,At-Risk,0.60270745
17252.0,At-Risk,0.3530834
17255.0,At-Risk,0.67578495
17256.0,At-Risk,0.5256787
17259.0,At-Risk,0.25037464
17262.0,At-Risk,0.308816
17263.0,At-Risk,0.6385298
17265.0,At-Risk,0.35381684
17266.0,At-Risk,0.516979
17267.0,At-Risk,0.47703993
17268.0,At-Risk,0.32573068
17272.0,At-Risk,0.39703062
17277.0,At-Risk,0.46929836
17278.0,At-Risk,0.6171225
17282.0,At-Risk,0.26045123
17284.0,At-Risk,0.1764917
17287.0,At-Risk,0.16240071
17288.0,At-Risk,0.2532682
17289.0,At-Risk,0.5638687
17291.0,At-Risk,0.7014912
17293.0,At-Risk,0.15713264
17298.0,At-Risk,0.4337827
17299.0,At-Risk,0.39834413
17302.0,At-Risk,0.27479604
17303.0,At-Risk,0.60270745
17306.0,Loyal Core,0.027286043
17311.0,At-Risk,0.7014912
17312.0,At-Risk,0.4339999
17314.0,At-Risk,0.08944986
17315.0,Loyal Core,0.028929554
17320.0,At-Risk,0.38051292
17323.0,At-Risk,0.32314435
17324.0,At-Risk,0.5886646
17325.0,At-Risk,0.67659265
17329.0,At-Risk,0.66194034
17331.0,At-Risk,0.5397555
17334.0,At-Risk,0.691997
17337.0,At-Risk,0.32007828
17338.0,At-Risk,0.021785473
17339.0,At-Risk,0.6834151
17340.0,Loyal Core,0.021785473
17341.0,At-Risk,0.2988366
17343.0,At-Risk,0.6282934
17345.0,At-Risk,0.58119434
17346.0,At-Risk,0.05687187
17348.0,At-Risk,0.63816386
17349.0,At-Risk,0.5638687
17351.0,At-Risk,0.35300326
17353.0,At-Risk,0.3429978
17356.0,At-Risk,0.66194034
17358.0,At-Risk,0.60555494
17360.0,At-Risk,0.4965459
17361.0,At-Risk,0.33477253
17362.0,At-Risk,0.46195847
17364.0,At-Risk,0.0910129
17365.0,At-Risk,0.12278669
17367.0,At-Risk,0.64442194
17368.0,At-Risk,0.09888124
17370.0,At-Risk,0.5873151
17371.0,At-Risk,0.62894756
17372.0,At-Risk,0.13127184
17373.0,At-Risk,0.38577428
17374.0,At-Risk,0.51666045
17375.0,At-Risk,0.48118535
17376.0,At-Risk,0.6863044
17377.0,Loyal Core,0.039377995
17381.0,Loyal Core,0.019931577
17384.0,At-Risk,0.6103294
17386.0,At-Risk,0.28837034
17388.0,At-Risk,0.27263573
17389.0,Loyal Core,0.026439717
17391.0,At-Risk,0.5216408
17392.0,At-Risk,0.60555494
17394.0,At-Risk,0.63782895
17396.0,At-Risk,0.06329175
17398.0,At-Risk,0.35877264
17400.0,At-Risk,0.124844626
17402.0,At-Risk,0.04221183
17404.0,Loyal Core,0.03370345
17405.0,At-Risk,0.44948485
17406.0,At-Risk,0.5903052
17408.0,At-Risk,0.58250743
17409.0,At-Risk,0.34983376
17410.0,At-Risk,0.59386533
17411.0,At-Risk,0.6171225
17412.0,At-Risk,0.3442386
17414.0,At-Risk,0.43207997
17416.0,At-Risk,0.08002043
17418.0,At-Risk,0.6603813
17419.0,At-Risk,0.022281714
17420.0,At-Risk,0.23522033
17422.0,At-Risk,0.19851324
17423.0,At-Risk,0.61289316
17426.0,At-Risk,0.1947562
17428.0,Loyal Core,0.019560955
17429.0,At-Risk,0.32500306
17430.0,At-Risk,0.6211211
17431.0,At-Risk,0.7014912
17436.0,At-Risk,0.6694181
17438.0,At-Risk,0.6217909
17440.0,At-Risk,0.63472414
17442.0,At-Risk,0.21318151
17443.0,At-Risk,0.615029
17444.0,At-Risk,0.44662508
17446.0,At-Risk,0.53912795
17449.0,At-Risk,0.37408337
17451.0,At-Risk,0.3287805
17454.0,At-Risk,0.40894887
17455.0,At-Risk,0.55980414
17456.0,At-Risk,0.60270745
17457.0,At-Risk,0.16342312
17460.0,At-Risk,0.36025828
17462.0,At-Risk,0.6198843
17463.0,At-Risk,0.28924763
17464.0,At-Risk,0.52053404
17469.0,At-Risk,0.30999455
17470.0,At-Risk,0.25356174
17472.0,At-Risk,0.3813767
17483.0,At-Risk,0.34568062
17486.0,At-Risk,0.6217909
17489.0,At-Risk,0.55980414
17490.0,At-Risk,0.50034213
17491.0,At-Risk,0.18296422
17492.0,At-Risk,0.6217909
17496.0,At-Risk,0.6282934
17499.0,At-Risk,0.6322233
17501.0,At-Risk,0.6171225
17504.0,At-Risk,0.27234578
17505.0,At-Risk,0.31835395
17507.0,At-Risk,0.49859923
17508.0,At-Risk,0.65913707
17511.0,Loyal Core,0.019931577
17512.0,At-Risk,0.03034927
17514.0,At-Risk,0.53285855
17515.0,At-Risk,0.38813263
17516.0,At-Risk,0.35337558
17517.0,At-Risk,0.6863044
17519.0,At-Risk,0.18296422
17521.0,At-Risk,0.58119434
17522.0,At-Risk,0.24676906
17524.0,At-Risk,0.62894756
17525.0,At-Risk,0.6181021
17526.0,At-Risk,0.37524775
17527.0,At-Risk,0.344296
17530.0,At-Risk,0.22544894
17531.0,At-Risk,0.5365514
17535.0,At-Risk,0.6518569
17536.0,At-Risk,0.6897438
17537.0,At-Risk,0.7014912
17540.0,At-Risk,0.66194034
17542.0,At-Risk,0.6518569
17548.0,At-Risk,0.6694181
17550.0,At-Risk,0.5557792
17551.0,At-Risk,0.6074398
17552.0,At-Risk,0.6198739
17553.0,At-Risk,0.4800492
17554.0,At-Risk,0.3386324
17555.0,At-Risk,0.6603813
17556.0,At-Risk,0.55980414
17560.0,At-Risk,0.3149005
17562.0,At-Risk,0.34893227
17567.0,At-Risk,0.12974274
17569.0,At-Risk,0.70003194
17571.0,At-Risk,0.26465863
17572.0,At-Risk,0.52635264
17574.0,At-Risk,0.64442194
17576.0,Loyal Core,0.022064066
17578.0,At-Risk,0.66304624
17579.0,At-Risk,0.3329262
17580.0,At-Risk,0.56251246
17581.0,Loyal Core,0.019931577
17582.0,At-Risk,0.64442194
17584.0,At-Risk,0.5140715
17585.0,At-Risk,0.20606156
17588.0,At-Risk,0.3566477
17589.0,At-Risk,0.2462195
17591.0,At-Risk,0.101398446
17593.0,At-Risk,0.23360732
17594.0,At-Risk,0.6217909
17596.0,At-Risk,0.23996639
17597.0,At-Risk,0.48839408
17601.0,At-Risk,0.6694181
17602.0,At-Risk,0.31072193
17604.0,At-Risk,0.46195847
17609.0,At-Risk,0.62769204
17611.0,At-Risk,0.021785473
17612.0,At-Risk,0.21869522
17613.0,At-Risk,0.038174063
17615.0,At-Risk,0.5435126
17616.0,At-Risk,0.35630155
17618.0,At-Risk,0.44233027
17619.0,At-Risk,0.66194034
17621.0,At-Risk,0.59287655
17624.0,At-Risk,0.615029
17625.0,At-Risk,0.30025893
17629.0,At-Risk,0.16066965
17630.0,At-Risk,0.39460662
17631.0,At-Risk,0.38133672
17633.0,At-Risk,0.41637313
17634.0,At-Risk,0.15057673
17637.0,At-Risk,0.480318
17639.0,At-Risk,0.67659265
17642.0,At-Risk,0.3526233
17643.0,At-Risk,0.63796973
17644.0,At-Risk,0.04428544
17646.0,At-Risk,0.37408337
17648.0,At-Risk,0.36960343
17649.0,At-Risk,0.46753603
17651.0,At-Risk,0.3162374
17652.0,At-Risk,0.090647444
17653.0,At-Risk,0.5397555
17654.0,At-Risk,0.67659265
17655.0,At-Risk,0.15825243
17656.0,At-Risk,0.40720952
17658.0,At-Risk,0.5147847
17659.0,At-Risk,0.053590387
17660.0,At-Risk,0.5051939
17663.0,At-Risk,0.27566138
17664.0,At-Risk,0.5147847
17667.0,At-Risk,0.24909124
17669.0,At-Risk,0.13923773
17670.0,At-Risk,0.64442194
17671.0,At-Risk,0.30050245
17672.0,At-Risk,0.6994609
17673.0,At-Risk,0.31040576
17674.0,At-Risk,0.60270745
17675.0,Loyal Core,0.028616626
17676.0,At-Risk,0.2726672
17677.0,Loyal Core,0.02866441
17678.0,At-Risk,0.69278586
17682.0,At-Risk,0.09834786
17685.0,At-Risk,0.4075578
17686.0,At-Risk,0.07889559
17690.0,At-Risk,0.032872252
17691.0,At-Risk,0.6282934
17692.0,At-Risk,0.30646002
17693.0,At-Risk,0.5186724
17694.0,At-Risk,0.44948485
17695.0,At-Risk,0.31453383
17696.0,At-Risk,0.02271647
17697.0,At-Risk,0.6217909
17698.0,At-Risk,0.6694181
17700.0,At-Risk,0.38481423
17701.0,At-Risk,0.6217909
17702.0,At-Risk,0.30999455
17703.0,At-Risk,0.3626682
17704.0,At-Risk,0.36843047
17705.0,At-Risk,0.09064033
17706.0,Loyal Core,0.034884475
17707.0,At-Risk,0.5305947
17708.0,At-Risk,0.39437667
17709.0,At-Risk,0.5873151
17711.0,At-Risk,0.6170453
17714.0,At-Risk,0.7155324
17715.0,At-Risk,0.5365514
17716.0,At-Risk,0.15429309
17718.0,At-Risk,0.6694181
17719.0,At-Risk,0.046559162
17720.0,At-Risk,0.27548736
17722.0,At-Risk,0.26478294
17723.0,At-Risk,0.1924054
17724.0,At-Risk,0.46286747
17725.0,At-Risk,0.043235052
17730.0,At-Risk,0.02694356
17731.0,At-Risk,0.275329
17732.0,At-Risk,0.62452906
17733.0,At-Risk,0.6171225
17734.0,At-Risk,0.3243889
17735.0,Loyal Core,0.017654467
17736.0,At-Risk,0.480318
17738.0,At-Risk,0.24115157
17739.0,At-Risk,0.36478496
17742.0,At-Risk,0.55277437
17744.0,At-Risk,0.30877867
17746.0,At-Risk,0.6694181
17747.0,At-Risk,0.6393639
17749.0,At-Risk,0.34890637
17750.0,At-Risk,0.33498958
17752.0,At-Risk,0.70447206
17754.0,At-Risk,0.31267938
17757.0,Loyal Core,0.019147055
17758.0,At-Risk,0.30599642
17759.0,At-Risk,0.5873151
17760.0,At-Risk,0.6198739
17763.0,At-Risk,0.6729175
17764.0,At-Risk,0.5147847
17765.0,At-Risk,0.5375156
17768.0,At-Risk,0.52053404
17769.0,At-Risk,0.2202944
17770.0,At-Risk,0.352766
17771.0,At-Risk,0.68480426
17774.0,At-Risk,0.2425264
17775.0,At-Risk,0.7221675
17777.0,At-Risk,0.305621
17779.0,At-Risk,0.44948485
17781.0,At-Risk,0.5442953
17783.0,At-Risk,0.6694181
17786.0,At-Risk,0.6863044
17787.0,At-Risk,0.30085102
17788.0,At-Risk,0.5560271
17789.0,At-Risk,0.6444451
17790.0,At-Risk,0.04347113
17795.0,At-Risk,0.36127102
17796.0,At-Risk,0.49710628
17797.0,At-Risk,0.4965459
17799.0,At-Risk,0.07182421
17800.0,At-Risk,0.09969703
17802.0,At-Risk,0.251476
17809.0,At-Risk,0.03884595
17811.0,Loyal Core,0.024803452
17812.0,At-Risk,0.60270745
17816.0,At-Risk,0.46494734
17817.0,At-Risk,0.6444451
17819.0,At-Risk,0.06694446
17827.0,At-Risk,0.30877867
17828.0,At-Risk,0.28526422
17829.0,At-Risk,0.6592572
17830.0,At-Risk,0.5017245
17837.0,At-Risk,0.416351
17838.0,At-Risk,0.3812648
17843.0,At-Risk,0.66194034
17844.0,At-Risk,0.7013471
17848.0,At-Risk,0.03700637
17849.0,At-Risk,0.37012377
17850.0,Loyal Core,0.6710792
17854.0,At-Risk,0.3529
17855.0,At-Risk,0.6198739
17856.0,At-Risk,0.3736431
17857.0,Loyal Core,0.019560955
17858.0,At-Risk,0.021785473
17859.0,At-Risk,0.6863044
17860.0,At-Risk,0.60270745
17861.0,At-Risk,0.09704699
17862.0,At-Risk,0.70003194
17863.0,At-Risk,0.21377034
17864.0,At-Risk,0.6518569
17865.0,Loyal Core,0.021538388
17866.0,At-Risk,0.44948485
17867.0,At-Risk,0.2164056
17869.0,At-Risk,0.4206077
17870.0,At-Risk,0.13544606
17871.0,At-Risk,0.55980414
17873.0,At-Risk,0.26395643
17874.0,At-Risk,0.44915983
17877.0,At-Risk,0.5109198
17879.0,At-Risk,0.5675993
17880.0,At-Risk,0.6181021
17881.0,At-Risk,0.6863044
17883.0,At-Risk,0.6694181
17884.0,At-Risk,0.49710628
17886.0,At-Risk,0.41937864
17887.0,At-Risk,0.54457873
17888.0,At-Risk,0.4990991
17889.0,At-Risk,0.5067945
17890.0,At-Risk,0.60555494
17891.0,At-Risk,0.575838
17892.0,At-Risk,0.5873151
17893.0,At-Risk,0.6694181
17894.0,At-Risk,0.321866
17897.0,At-Risk,0.3675677
17898.0,At-Risk,0.5791547
17899.0,At-Risk,0.5873151
17900.0,At-Risk,0.58119434
17905.0,At-Risk,0.31673762
17906.0,At-Risk,0.73517084
17908.0,At-Risk,0.6198739
17912.0,At-Risk,0.687976
17913.0,At-Risk,0.6282934
17917.0,At-Risk,0.45479962
17920.0,Loyal Core,0.030248992
17921.0,At-Risk,0.25659585
17923.0,At-Risk,0.6518569
17924.0,At-Risk,0.55219376
17925.0,At-Risk,0.6198739
17926.0,At-Risk,0.3570312
17928.0,At-Risk,0.73517084
17929.0,At-Risk,0.28987056
17930.0,At-Risk,0.3674816
17931.0,At-Risk,0.394848
17932.0,At-Risk,0.3339541
17935.0,At-Risk,0.5304349
17937.0,At-Risk,0.14290285
17939.0,At-Risk,0.6374404
17940.0,At-Risk,0.03871092
17941.0,At-Risk,0.47703993
17946.0,At-Risk,0.59016246
17948.0,At-Risk,0.44948485
17949.0,Loyal Core,0.02866441
17950.0,At-Risk,0.60270745
17951.0,At-Risk,0.64328325
17954.0,At-Risk,0.023750667
17955.0,At-Risk,0.5408868
17956.0,At-Risk,0.6525206
17958.0,At-Risk,0.4869422
17960.0,At-Risk,0.6897438
17961.0,Loyal Core,0.037895434
17962.0,At-Risk,0.525956
17964.0,At-Risk,0.6198739
17965.0,At-Risk,0.041364484
17966.0,At-Risk,0.35013762
17967.0,At-Risk,0.63796973
17968.0,At-Risk,0.6198739
17969.0,At-Risk,0.50939643
17970.0,At-Risk,0.5147847
17972.0,At-Risk,0.6694181
17974.0,At-Risk,0.63782895
17975.0,At-Risk,0.022083778
17976.0,At-Risk,0.635006
17978.0,At-Risk,0.6074398
17979.0,At-Risk,0.36027938
17980.0,At-Risk,0.2988366
17984.0,At-Risk,0.516979
17987.0,At-Risk,0.5522368
17988.0,At-Risk,0.43043458
17990.0,At-Risk,0.40549868
17991.0,At-Risk,0.6694181
17994.0,At-Risk,0.26802462
17995.0,At-Risk,0.7414695
17997.0,At-Risk,0.33206964
17999.0,At-Risk,0.60270745
18004.0,At-Risk,0.60270745
18008.0,At-Risk,0.19563551
18009.0,At-Risk,0.6171225
18010.0,At-Risk,0.64442194
18011.0,At-Risk,0.63796973
18013.0,At-Risk,0.5873151
18016.0,At-Risk,0.3807909
18017.0,At-Risk,0.39715517
18018.0,At-Risk,0.5740554
18024.0,At-Risk,0.51483756
18032.0,At-Risk,0.7405501
18036.0,At-Risk,0.4168955
18037.0,At-Risk,0.44111934
18040.0,At-Risk,0.6171225
18041.0,Loyal Core,0.037571687
18043.0,At-Risk,0.42564887
18044.0,At-Risk,0.12516011
18048.0,At-Risk,0.55980414
18050.0,At-Risk,0.70447206
18055.0,At-Risk,0.036631685
18056.0,At-Risk,0.6322233
18061.0,At-Risk,0.028067075
18062.0,At-Risk,0.29584712
18064.0,At-Risk,0.3184696
18065.0,At-Risk,0.1165761
18068.0,At-Risk,0.6743071
18069.0,At-Risk,0.2839892
18071.0,At-Risk,0.45971444
18072.0,At-Risk,0.4965459
18073.0,At-Risk,0.23914662
18074.0,At-Risk,0.635006
18075.0,At-Risk,0.03285321
18077.0,At-Risk,0.03914381
18078.0,At-Risk,0.51958305
18079.0,At-Risk,0.27804798
18080.0,At-Risk,0.5883071
18081.0,At-Risk,0.44306257
18085.0,At-Risk,0.5886646
18086.0,At-Risk,0.67659265
18087.0,At-Risk,0.5928054
18092.0,At-Risk,0.021785473
18093.0,At-Risk,0.23798345
18094.0,At-Risk,0.069931075
18095.0,At-Risk,0.70003194
18097.0,At-Risk,0.16303265
18099.0,At-Risk,0.54457873
18101.0,At-Risk,0.516979
18106.0,At-Risk,0.70003194
18108.0,At-Risk,0.6171225
18109.0,Loyal Core,0.018790752
18112.0,At-Risk,0.575838
18113.0,At-Risk,0.6974724
18114.0,At-Risk,0.6170453
18116.0,At-Risk,0.28392327
18118.0,Loyal Core,0.019220114
18119.0,At-Risk,0.60270745
18120.0,At-Risk,0.6598441
18121.0,At-Risk,0.50058824
18122.0,At-Risk,0.516979
18125.0,At-Risk,0.35140088
18127.0,At-Risk,0.54457873
18129.0,At-Risk,0.6694181
18133.0,At-Risk,0.48200342
18135.0,At-Risk,0.58119434
18136.0,At-Risk,0.42529273
18138.0,At-Risk,0.67578495
18142.0,At-Risk,0.31835395
18143.0,At-Risk,0.34219807
18144.0,At-Risk,0.042130455
18145.0,At-Risk,0.3905579
18146.0,At-Risk,0.4788942
18147.0,At-Risk,0.6413354
18149.0,At-Risk,0.49678618
18150.0,At-Risk,0.33200726
18151.0,At-Risk,0.33115515
18155.0,At-Risk,0.3854791
18156.0,At-Risk,0.60270745
18159.0,At-Risk,0.7014912
18160.0,At-Risk,0.5365514
18161.0,At-Risk,0.25540587
18165.0,At-Risk,0.50034213
18167.0,At-Risk,0.37629387
18168.0,At-Risk,0.20224859
18170.0,At-Risk,0.3383283
18171.0,At-Risk,0.31295532
18172.0,Loyal Core,0.034105994
18173.0,At-Risk,0.35026062
18176.0,At-Risk,0.64328325
18177.0,At-Risk,0.24619228
18178.0,At-Risk,0.27700225
18179.0,At-Risk,0.30877867
18180.0,At-Risk,0.44753984
18183.0,At-Risk,0.49859923
18185.0,At-Risk,0.6217909
18188.0,At-Risk,0.6322233
18189.0,At-Risk,0.6634897
18190.0,At-Risk,0.43535852
18191.0,At-Risk,0.64442194
18193.0,At-Risk,0.52053404
18196.0,At-Risk,0.6322233
18198.0,Loyal Core,0.033310782
18200.0,At-Risk,0.6161036
18202.0,At-Risk,0.36688024
18203.0,At-Risk,0.5873151
18204.0,At-Risk,0.3291915
18210.0,At-Risk,0.67981935
18211.0,At-Risk,0.3838539
18212.0,At-Risk,0.6603813
18213.0,At-Risk,0.6171225
18218.0,At-Risk,0.3995721
18219.0,At-Risk,0.03474458
18220.0,At-Risk,0.6217909
18221.0,At-Risk,0.32356516
18223.0,Loyal Core,0.028368313
18224.0,At-Risk,0.6650502
18225.0,At-Risk,0.021785473
18226.0,At-Risk,0.029423028
18227.0,At-Risk,0.66103005
18229.0,Loyal Core,0.019147055
18230.0,At-Risk,0.25185493
18231.0,At-Risk,0.352766
18232.0,At-Risk,0.4900935
18233.0,At-Risk,0.70003194
18235.0,At-Risk,0.33107656
18236.0,At-Risk,0.3007241
18237.0,At-Risk,0.45268115
18239.0,At-Risk,0.31133848
18241.0,At-Risk,0.20871201
18242.0,At-Risk,0.47713497
18245.0,At-Risk,0.094089076
18246.0,At-Risk,0.6171225
18248.0,At-Risk,0.31126916
18250.0,At-Risk,0.7014912
18252.0,At-Risk,0.6754945
18257.0,At-Risk,0.09525942
18259.0,At-Risk,0.6181021
18260.0,At-Risk,0.10738828
18262.0,At-Risk,0.516979
18263.0,At-Risk,0.36843047
18265.0,At-Risk,0.5216408
18268.0,At-Risk,0.5560271
18269.0,At-Risk,0.60270745
18270.0,At-Risk,0.68929535
18272.0,At-Risk,0.22662672
18273.0,At-Risk,0.7221675
18280.0,At-Risk,0.6518569
18281.0,At-Risk,0.6897438
18282.0,At-Risk,0.5963271
18283.0,At-Risk,0.03521394
18287.0,At-Risk,0.48200342
